LCLid,stdorToU,High,Low,Normal,High_vs_Normal_pct,Low_vs_Normal_pct
MAC000002,Std,0.3141281725888324,0.2216684685285285,0.2388058226871808,31.5412534979596,-7.176271485264851
MAC000003,Std,0.2901928918781726,0.4823837852852853,0.397786098189295,-27.048005649489003,21.267130118693256
MAC000004,Std,0.0399517766497461,0.0358444444444444,0.0349903170181721,14.179521805982208,2.4410394047835737
MAC000006,Std,0.0748071065989847,0.058448048048048,0.0595516280920485,25.617231628589465,-1.8531484014084445
MAC000007,Std,0.2450152284263959,0.1731627627027027,0.1949183470018572,25.70147048500331,-11.16138354023044
MAC000009,Std,0.199730964467005,0.1675483482882883,0.1709983411081619,16.802866725279443,-2.017559233332777
MAC000010,Std,0.6614911162436549,0.49525044996997,0.5283231645533524,25.20577567384983,-6.259940279420128
MAC000011,Std,0.379876903680203,0.3000138135735736,0.2950834328160233,28.735422404092127,1.6708429580403417
MAC000012,Std,0.0459733502538071,0.0409003003003003,0.0466748905557766,-1.5030357728020305,-12.371941715804702
MAC000013,Std,0.123242385786802,0.0988504504504504,0.1001324446213025,23.079373776302425,-1.2802984843729326
MAC000018,Std,0.2297017767766497,0.2089039039039039,0.2121983553153392,8.248613159748297,-1.5525339046759123
MAC000019,Std,0.1364251269035533,0.1295609609609609,0.1317948139730751,3.51327399834116,-1.694947581602524
MAC000020,Std,0.1494035532994924,0.1107015015015015,0.1261951980035816,18.390838687262967,-12.27756423952072
MAC000021,Std,0.5076535531725888,0.4574678676276276,0.4597124950590264,10.428487071556924,-0.4882676576173028
MAC000022,Std,0.325381979822335,0.3093303303303303,0.246566653402308,31.96511991077269,25.455054875411157
MAC000023,Std,0.3507208120558376,0.2603759754954955,0.2859506566255472,22.65081542201424,-8.943739256224815
MAC000024,Std,0.4446916237309645,0.4937561562762763,0.4221872261904762,5.330430705720857,16.951941140329673
MAC000025,Std,0.1036941623096446,0.1114210212012012,0.1039201220460425,-0.2174359805868997,7.217946830196453
MAC000026,Std,0.273001269035533,0.2509320911658653,0.2469523461737572,10.548157677128357,1.6115437062128368
MAC000027,Std,0.2025647208121827,0.1797231231231231,0.1802590357517076,12.374239642111108,-0.2973013953779024
MAC000029,Std,0.0747817260152284,0.0661243242042042,0.0647714873763854,15.454699350462176,2.088630171416983
MAC000030,Std,0.2820621828680203,0.2313135133933934,0.2400315858725945,17.51044423700765,-3.632052193259505
MAC000032,Std,0.1691027922588832,0.3920642631831831,0.2617055310850245,-35.38432620900775,49.81122544781327
MAC000033,Std,0.1778375634517766,0.1502738739339339,0.1564274439647168,13.686933024290182,-3.9338174138873305
MAC000034,Std,0.3567373086294416,0.7643112978365385,0.4826903688710533,-26.09396589706122,58.34401246168595
MAC000035,Std,0.5655101520304568,0.4951831835435435,0.4571079791072495,23.714784663116404,8.329586482094786
MAC000326,Std,0.4420939083756345,0.3778342346546546,0.3458493732705445,27.828454391849267,9.248205680306263
MAC000327,Std,0.3111180210659898,0.3123543544144144,0.2959150189597983,5.137624362437965,5.5554244973451405
MAC000329,Std,0.2378895939086294,0.2048287259615384,0.2035573020095503,16.86615589818945,0.6246024777477377
MAC000330,Std,0.1262576142131979,0.1222324324324324,0.11534597784999,9.459919250412652,5.970259831164948
MAC000331,Std,0.2831763961928933,0.5182606610210211,0.3809945620332913,-25.67442572365393,36.02836173177071
MAC000332,Std,0.1783730963197969,0.1645417416816817,0.1640727550072954,8.715853714936216,0.2858406774271849
MAC000333,Std,0.1105926395939086,0.0876996996996997,0.0929554892205638,18.97375886161552,-5.654092689882207
MAC000334,Std,0.1149454314720812,0.1075285285285285,0.1108339968152866,3.7095428974257993,-2.982359548277336
MAC000335,Std,0.1567738246505718,0.1107945945945946,0.1290637352434009,21.470081704138224,-14.155130885025637
MAC000337,Std,0.0798388324873096,0.0613615615615615,0.0640524605385329,24.646003941222272,-4.201086038455292
MAC000338,Std,0.2649577042296072,0.2218193245090337,0.2279220343631594,16.249271365943073,-2.677542726914206
MAC000340,Std,0.2353032994923858,0.2066400240985577,0.1954560647257776,20.38679885554504,5.721981248558872
MAC000341,Std,0.2524885786802031,0.2236966969969969,0.2216273378166865,13.924834890649906,0.9337111570694612
MAC000343,Std,0.1215901015228426,0.1022018016816816,0.099913914312243,21.694863382950796,2.289858609971751
MAC000345,Std,0.2434898475888325,0.2136450452252252,0.1975693062806738,23.24275069474726,8.136759321163801
MAC000346,Std,0.2758667513959391,0.2130630630030029,0.1971721164621609,39.91164488457495,8.059428902002841
MAC000347,Std,0.1582715736040609,0.1132204204204204,0.1234729057504808,28.18324201740472,-8.303429216105995
MAC000348,Std,0.1231878173857868,0.0933933933933933,0.09842972739935,25.153061621300687,-5.116679827348447
MAC000349,Std,0.1723667517766497,0.1222594594594594,0.1193794681344916,44.38559198677541,2.4124678807608824
MAC000350,Std,0.1753350253807106,0.1997561563963964,0.1883521454340473,-6.911054834729635,6.054622280021893
MAC000351,Std,0.163455470610687,0.113245045045045,0.119698328482356,36.55618477143639,-5.391289518518427
MAC000353,Std,0.1458870558375634,0.1311538461538461,0.1265511774593698,15.279097963668953,3.637001872980639
MAC000355,Std,0.2382385788071065,0.2284372374174174,0.2085521585449963,14.23453033007338,9.5348228525435
MAC000357,Std,0.3195989850253807,0.2049411412012012,0.2210309701505405,44.59466237138949,-7.279445472451574
MAC000359,Std,0.3723591370558375,0.2554426422222222,0.2752543272299224,35.27821371716444,-7.197592570870381
MAC000360,Std,0.2387499998730964,0.1922624624624624,0.2024515850842287,17.929429781330697,-5.032868780714706
MAC000361,Std,0.1954587628865979,0.1256820135052179,0.1380679798182783,41.567047728123455,-8.970918767235158
MAC000362,Std,0.0972043147208121,0.0815471471471471,0.0833075341490914,16.68130105357626,-2.113118603167108
MAC001144,Std,0.2115875635786802,0.1670282282282282,0.1725489519169541,22.62465881596021,-3.1995115747691982
MAC001145,Std,1.7289822319796957,1.6064432413213212,1.3483673390554525,28.227833906958068,19.13988086114977
MAC001146,Std,0.2068362944162436,0.1815303302702703,0.1848139010478843,11.915983182809107,-1.7766903674433343
MAC001148,Std,0.1804796953045685,0.1408324321321321,0.1372975859265154,31.45147024009953,2.574587296464625
MAC001149,Std,0.1255215736040609,0.0998504221954161,0.1055021555946143,18.975363959737468,-5.356983814543659
MAC001151,Std,0.2069352791878172,0.152956156096096,0.1607900391206313,28.69906638468187,-4.872119608515013
MAC001152,Std,0.311972082106599,0.2035456727764423,0.1996681920944422,56.245258112537776,1.9419621329400671
MAC001153,Std,0.1231104060913705,0.1121711711711711,0.1141734314895874,7.827543137825477,-1.753700744817266
MAC001154,Std,0.1951954314720812,0.1556684685285285,0.1621868948467966,20.35216017697654,-4.019083246168254
MAC001157,Std,0.2161537481575603,0.1765969969369369,0.182428770380687,18.486655206027525,-3.1967399832715797
MAC001159,Std,0.1081027918781726,0.103051051051051,0.0951064605996285,13.665035158079265,8.353365692859715
MAC001160,Std,1.0469492402284264,0.9073981993393392,0.809961533399655,29.25913108911009,12.029789307488835
MAC001161,Std,0.1421875,0.1317979115479115,0.1307782955159373,8.724081040398834,0.7796523329438365
MAC001162,Std,0.2300279189086294,0.1555771771171171,0.173772700139285,32.37287486714189,-10.47087546408817
MAC001163,Std,0.1935741690537084,0.1441015623798077,0.1435884852779068,34.81176340780896,0.3573246844325917
MAC001164,Std,0.3082690354060913,0.2200228228828828,0.2471147291199681,24.747333557941943,-10.963290749024036
MAC001167,Std,0.2723324875634518,0.1922186184984985,0.1989641814804988,36.87513276863057,-3.390340377753598
MAC001168,Std,0.2573616753807106,0.2265003003003003,0.2392016711254062,7.591921983598393,-5.309900539301394
MAC001170,Std,0.1601230963197969,0.1395315316516516,0.1210945686053451,32.229792107066515,15.225260107572392
MAC001171,Std,0.3668236044416244,0.2614222221021021,0.2632127081315911,39.36394144701924,-0.6802430027785467
MAC001172,Std,0.1386294416243654,0.0952498498498498,0.1050313101227197,31.988681720135936,-9.31289942155451
MAC001173,Std,0.1120101522842639,0.1161285285285285,0.125607801519172,-10.82548143542873,-7.546723114325571
MAC001174,Std,0.3337525378172589,0.2785135134534534,0.2715286197055117,22.91615453989071,2.572433710861577
MAC001176,Std,0.0911510152284263,0.0761033033033033,0.0814680681742821,11.88557341685068,-6.585113641705775
MAC001177,Std,0.1238778625954198,0.1097711711711711,0.1131932801264138,9.439237432711112,-3.0232439164417424
MAC001178,Std,0.1242690355329949,0.122784984984985,0.1167176868492605,6.469755259532195,5.198267974210524
MAC001180,Std,0.083246192893401,0.0844048049249249,0.0708583841469885,17.482488340003876,19.117597643541597
MAC001181,Std,0.0538134517766497,0.049649639483173,0.051005438033026,5.5053222791763945,-2.658145096166231
MAC001183,Std,0.3344746192893401,0.3032288291891892,0.3098150408913058,7.959451654474625,-2.125852793708382
MAC001981,Std,0.4443121836294416,0.3110642641441441,0.3313378656828281,34.09641023485002,-6.118709522349263
MAC001982,Std,0.5510634517766497,0.4394771080722892,0.3786705350023211,45.52583336680047,16.057909831720952
MAC001983,Std,0.2698972079949239,0.1965957956756756,0.2108229324292061,28.02080157269169,-6.748381966609784
MAC001985,Std,0.1749822333756345,0.1156114115315315,0.1177351771189813,48.62357848988519,-1.803849655998324
MAC001986,Std,0.4240101526649746,0.3598846844444444,0.3814496618517045,11.157564174173086,-5.653426798853434
MAC001988,Std,0.2257779185279188,0.165021021081081,0.1890303110632088,19.44006083364169,-12.70129105067147
MAC001989,Std,0.5350101517766497,0.5118222224624625,0.4271632504411277,25.247233048289957,19.81888000288139
MAC001990,Std,0.109736040609137,0.1042396396396396,0.1011863226319978,8.449479884977595,3.017519490995157
MAC001991,Std,0.5950799496192893,0.3994294290690691,0.4125894954837854,44.23051389651189,-3.189627113333393
MAC001992,Std,0.1926510152284264,0.1233822115384615,0.1361389810335677,41.51054588907533,-9.3704017749044
MAC001994,Std,0.2669733498730964,0.2095285286486486,0.2048874294859038,30.30245464203265,2.265194684900917
MAC001995,Std,0.3510342638324873,0.2808642643243243,0.2403156463620083,46.07216348439247,16.8730661428653
MAC001996,Std,0.1844561626429479,0.1511519518318318,0.1518420319384574,21.47898726599573,-0.4544723867402567
MAC001997,Std,0.141352791751269,0.0805927928528528,0.0968371136622894,45.969645733374456,-16.774891562843507
MAC001999,Std,0.147734771573604,0.1225885885285285,0.1171511774660033,26.10609194813765,4.641362707688623
MAC002000,Std,0.0933464467005076,0.0759423423423423,0.0792451916633505,17.79446139402627,-4.167886090855067
MAC002001,Std,0.2056256345177664,0.1873009009009009,0.1939909145036143,5.997559238237105,-3.4486221273980155
MAC002002,Std,0.9810051550257732,0.8620414402402402,0.7250639386151091,35.299123674460844,18.891782411184543
MAC002003,Std,0.1265558375634517,0.0932366366966967,0.0962070338686131,31.545306485890645,-3.087505198396423
MAC002007,Std,0.424968273857868,0.2406552549549549,0.2263049273360302,87.78569201317097,6.34114678272848
MAC002008,Std,0.1071522842639594,0.0725231231231231,0.0806441127562189,32.87056004679807,-10.070158075450497
MAC002009,Std,0.1806002538071066,0.1438942939339339,0.1477721997745208,22.215311190248663,-2.624245863906771
MAC002010,Std,0.1512703044416243,0.1164942942942943,0.1185899714731047,27.55741700800669,-1.7671622252525054
MAC002012,Std,0.5086497454314721,0.3858762760960961,0.4021736966573816,26.47513988583874,-4.052333779344497
MAC002015,Std,0.2083477157360406,0.1605558894230769,0.1659047713982347,25.58271469837752,-3.2240675961744847
MAC002016,Std,0.1760954199745547,0.1139249249849849,0.1244870535254282,41.456814172716136,-8.484519667971568
MAC002020,Std,0.2453210658629441,0.1832402402402402,0.1949774491211779,25.82022534845956,-6.019777637793933
MAC002021,Std,0.088730964467005,0.0787237237237237,0.0781409431717185,13.552461571924557,0.7458069078133622
MAC002023,Std,0.3955532996192893,0.2450648652252252,0.2693720806573957,46.84272351238165,-9.023658046835935
MAC002025,Std,0.2333045685279187,0.1868204203603603,0.1863495390594945,25.19728769140297,0.2526871293818677
MAC002534,ToU,0.1650672587563452,0.1432114114714714,0.1476075739554317,11.82844777747325,-2.9782770396915126
MAC002536,ToU,0.2217740259740259,0.2289411763480392,0.1852615609754474,19.70860269466124,23.57726834568808
MAC002552,ToU,0.1693312182741116,0.201736778545673,0.1707280625721297,-0.8181691263719149,18.162635659525893
MAC002560,ToU,0.0828819796954314,0.0819849849849849,0.0735064668037408,12.75467764859779,11.534384047979708
MAC002566,ToU,0.1128236040609137,0.0717555555555555,0.0819452673663234,37.681659584504686,-12.434777673268693
MAC002568,ToU,0.1334073604060913,0.1160066066066066,0.1185851296677057,12.499232222387246,-2.174406747561519
MAC002574,ToU,0.1647157360406091,0.1343687687087087,0.1359175620175089,21.187971293503917,-1.1395093362554176
MAC002578,ToU,0.1626357868020304,0.0990534534534534,0.1098342728297632,48.073804844237,-9.81553307410652
MAC002585,ToU,0.1164073604060913,0.1044636636636636,0.1043628400796284,11.541004745820494,0.0966087009114824
MAC002586,ToU,0.1507131979695431,0.1351824774018127,0.1413179732761486,6.648287175075263,-4.341624587515591
MAC002589,ToU,0.2024771574873096,0.1893933933933933,0.1669652450354845,21.26904461121708,13.432824509760868
MAC002593,ToU,0.0490558375634517,0.0450522522522522,0.0461467232687715,6.304053871250437,-2.371719894703661
MAC002596,ToU,0.4139936550761421,0.2458318317717717,0.2710117405545237,52.758568403368656,-9.291076737572611
MAC002602,ToU,0.1900979643765903,0.2327585585585585,0.1845506236597664,3.0058639774909857,26.121794628918327
MAC002604,ToU,0.4793502535532995,0.3518252254054054,0.3447677411327762,39.03570327616386,2.0470257018365245
MAC002609,ToU,0.107980964467005,0.2151297295495495,0.1104470455136282,-2.2328175780119475,94.7808821404864
MAC002614,ToU,0.3578134517766497,0.2765411411411411,0.2991096299708184,19.62618917069257,-7.545223078200147
MAC002618,ToU,0.212997461928934,0.1691741741741741,0.1768773640918441,20.420983783054545,-4.355102167663516
MAC002622,ToU,0.2095895808132147,0.2329021016216216,0.1784967501392757,17.419269902492985,30.479743435045712
MAC002625,ToU,0.2872258884517766,0.2119483482882883,0.2312889271876866,24.18488508907228,-8.362085956542042
MAC002633,ToU,0.5237030458121827,0.5106090097297298,0.3933201353296193,33.14930988043543,29.82020595050832
MAC002645,ToU,0.4136154824873096,0.3402924924324324,0.3382415438851306,22.28405704882206,0.6063561926024974
MAC002665,ToU,0.1172131978426395,0.0821369369969969,0.0823595542879883,42.3188831653676,-0.2702992906116197
MAC002668,ToU,0.2337153747141042,0.2447807807207207,0.2288497148030242,2.126137633716474,6.961365860302093
MAC002672,ToU,0.5685786800761421,0.5946546551351352,0.4242337489121783,34.02485811986755,40.17146364709332
MAC002673,ToU,0.0882677664974619,0.0910762762762762,0.0797981827828624,10.613755124782664,14.133271084759505
MAC002675,ToU,0.1027931472081218,0.0925177177177177,0.0865961921255141,18.704003819396032,6.83809004398348
MAC002677,ToU,0.098996192893401,0.1156084083483483,0.1041594558792302,-4.957075612814165,10.991755258776292
MAC002678,ToU,0.0922081218274111,0.0890222222222222,0.0823876251740831,11.919868587761218,8.05290483142378
MAC002679,ToU,0.3199746194162436,0.2695669670870871,0.2843690144382544,12.52091584180679,-5.205225112309586
MAC002680,ToU,0.23523730964467,0.2084930931531531,0.2140891969162411,9.878178363527024,-2.6139122588597408
MAC002686,ToU,0.2069314719543147,0.2436396396396396,0.2072957952248308,-0.1757504391833086,17.532359677334817
MAC002840,Std,0.413637055964467,0.3411933938738739,0.3603023809577502,14.802753971523398,-5.3035972266075815
MAC002841,Std,0.0837588832487309,0.0600552552552552,0.0677607109762568,23.60980580336573,-11.371568583011936
MAC002843,Std,0.1294378172588832,0.1068558558558558,0.1243081464906461,4.12657650608852,-14.039538942126804
MAC002846,Std,0.1835063453045685,0.1781706729567307,0.1786894066083706,2.69570467977156,-0.2902990510101899
MAC002847,Std,0.0772235649546827,0.0821593625498008,0.0615739527350364,25.41596165993985,33.43200964106852
MAC002849,Std,0.971203045431472,0.9775699697897898,0.9584311863898654,1.3325796596534545,1.996886544564025
MAC002850,Std,0.1021586294416243,0.0720918918918919,0.0838629791749569,21.81612249726863,-14.03609482857494
MAC002851,Std,0.6639987318527919,0.4636612615015015,0.4702445446773231,41.202856974857816,-1.3999701326336431
MAC002852,Std,0.8367423876903554,0.7538516513513513,0.5712584067719042,46.473535928978514,31.963336104102915
MAC002853,Std,0.3909238576142132,0.2774546545345345,0.2884127595264938,35.54319103496621,-3.7994522190869406
MAC002854,Std,0.1645913708121827,0.1216888889489489,0.1230672547721695,33.74099480555201,-1.1200102137423285
MAC002856,Std,0.39822335,0.3254042046846847,0.3081187083294648,29.243482863815014,5.610011949270155
MAC002857,Std,0.1222007623888182,0.1057794471153846,0.1079194243517474,13.233334149858788,-1.9829398175697288
MAC002858,Std,0.0387703045685279,0.0318516516516516,0.0321676614935667,20.52571672417529,-0.9823836338812896
MAC002859,Std,0.3240697972081218,0.2045243243243243,0.222718397559358,45.50652337634213,-8.169093094424163
MAC002860,Std,0.141741116751269,0.1402636636636636,0.1333454038930892,6.296214652370846,5.188225142068759
MAC002862,Std,0.4627880715736041,0.4503981981381381,0.3663439218913721,26.32612250922768,22.94408920797919
MAC002863,Std,0.0500659898477157,0.0435465465465465,0.044284302672591,13.05583881013257,-1.6659540322876087
MAC002865,Std,0.6051738585025381,0.4822972975375375,0.507306360529283,19.291596870803662,-4.929775168924167
MAC002866,Std,0.1480393401015228,0.1293159159759759,0.1289522956740976,14.801632128879682,0.2819804796630354
MAC002870,Std,0.1010558375634517,0.0909741741741741,0.0968568204447394,4.335282842686361,-6.073548815203511
MAC002871,Std,0.2199695045743329,0.1914474472672672,0.1712443618532767,28.453574876120125,11.79781056458995
MAC002872,Std,1.3077030439086297,1.3914042009609608,1.038610440673919,25.908906043742963,33.96786191154848
MAC002873,Std,0.0221890862944162,0.0150841346153846,0.0160705804311774,38.07271236680847,-6.138209008799045
MAC002875,Std,0.1337664973350253,0.1172798798798798,0.1215358848301936,10.0633755387719,-3.5018504668478667
MAC002876,Std,0.1608769035532995,0.134612012012012,0.1392241527820147,15.552438523498724,-3.312744719821714
MAC002877,Std,0.1916543834815756,0.1393498470336391,0.1265871700768459,51.4011122653504,10.082125186182346
MAC002878,Std,0.2614746192893401,0.1930654654654654,0.1959970155060352,33.40744940133471,-1.4957115714241742
MAC002880,Std,0.3029354005167958,0.2315021021621621,0.2220421759165781,36.43146815072176,4.26041863737554
MAC002882,Std,0.0683354510800508,0.0518342342342342,0.0572766832504145,19.30762607409917,-9.50203242807528
MAC003826,Std,0.2685875634517766,0.2355813816216216,0.228745125222178,17.417830518093048,2.9885910761174417
MAC003828,Std,0.2507081223350254,0.2143309309309309,0.2132452417998541,17.567979580211635,0.5091270135330062
MAC003830,Std,0.0874593908629441,0.0756504504504504,0.0789123109578137,10.831110889275152,-4.133525514297853
MAC003831,Std,0.1835507614213198,0.1688324324324324,0.1529630563109372,19.99679259036582,10.374646338941208
MAC003832,Std,0.5505482237309645,0.5411903902102102,0.494311292690699,11.376825063847784,9.48371971522899
MAC003833,Std,0.1460228426395939,0.1322402402402402,0.126349360030506,15.570702221473788,4.662374394545354
MAC003834,Std,0.3238565991116751,0.2503303304504504,0.2715006963193845,19.283892638971658,-7.797536491040891
MAC003835,Std,0.2550672591370558,0.2428750753753753,0.2281137342927249,11.815827279274217,6.471044423703143
MAC003836,Std,0.4878413703045685,0.3513765765765766,0.3502519565658575,39.2829821959439,0.3210888589304961
MAC003837,Std,0.1057728426395939,0.0645123123123123,0.0695751425918557,52.0267709116782,-7.27678031397383
MAC003838,Std,0.3025558374365482,0.2627543544144144,0.2530923983947997,19.54362887050853,3.817560733113368
MAC003839,Std,0.2414531720543806,0.1884672456195738,0.2009850373624761,20.13489920591467,-6.228220720892052
MAC003840,Std,0.2648781724619289,0.1955777776576576,0.207455914569097,27.67925803036397,-5.725619795468962
MAC003841,Std,0.2712592123252859,0.2524570572372372,0.2345585914848464,15.646675147608246,7.630701411995444
MAC003842,Std,0.3941675128172588,0.3163537538138138,0.3337007560817084,18.12005386069453,-5.198370681439835
MAC003843,Std,0.3516154824873096,0.2560066066066065,0.2889422336450458,21.690580865120435,-11.398689150752306
MAC003844,Std,0.3725190354060914,0.2818138132732732,0.2992440642061281,24.486691622223542,-5.824760794870243
MAC003845,Std,0.2556281725888324,0.2038816816816817,0.2072760976057832,23.327376162305804,-1.6376301770006263
MAC003846,Std,0.0683337563451776,0.0478348348348348,0.0501941902109033,36.13877633657698,-4.700455104774182
MAC003847,Std,0.1480964468274111,0.1230354354354354,0.1232950852225243,20.115450311847383,-0.2105921631996188
MAC003849,Std,0.1236713197969543,0.1077735735735735,0.1144658442896936,8.042115588614562,-5.8465219539053255
MAC003850,Std,0.2611598984771573,0.1983903903903904,0.2050929106638371,27.337360239242138,-3.268040934107519
MAC003851,Std,0.3520850251269035,0.2499489489489489,0.2638565459543706,33.43804825967458,-5.270893301175395
MAC003853,Std,0.1518274111675127,0.1200312311111111,0.1207936318474295,25.691569038408367,-0.631159709877227
MAC003854,Std,0.2367791888324873,0.1495000000600961,0.1829638570793819,29.41309426470864,-18.28987295822415
MAC003855,Std,0.2538388323604061,0.2062462462462462,0.2170055050540558,16.97345295326731,-4.958058001860122
MAC003856,Std,0.9189010154822336,0.6612534544744745,0.6880644156361948,33.54869029705652,-3.8965772030123857
MAC003857,Std,0.1154327409898477,0.1160498499099099,0.1074956890635362,7.383600212674746,7.957678043551697
MAC003858,Std,0.4662144663705584,0.341156757057057,0.3512502154983752,32.730015755026606,-2.873580711401702
MAC003859,Std,0.3066340534942821,0.2888126127327327,0.3077714248806049,-0.3695506776706381,-6.160030014231166
MAC003860,Std,0.8123972077411167,0.6874234248648649,0.6034611711386696,34.62294619688721,13.91344758234685
MAC003861,Std,0.8116129425126904,0.5670828833033033,0.5268749255719876,54.042810375078055,7.631404680658327
MAC003863,Std,0.3492296950507614,0.2743527646033654,0.2822628995821727,23.724972558461666,-2.802399816099288
MAC003864,Std,0.1851560914974619,0.1586498496696696,0.1547290754874651,19.66470484887097,2.5339608408130765
MAC003866,Std,0.1018780179161372,0.0891483483483483,0.0875898932223622,16.312526671886808,1.7792636440710163
MAC003867,Std,0.5161548223350254,0.4025063064264264,0.4195529249303621,23.0249610155137,-4.063043656951049
MAC003868,Std,0.2632170052030457,0.2065123123123123,0.2023815744710486,30.05976749167933,2.041064188802721
MAC003870,Std,0.4221307111675126,0.3384600601801801,0.2834457783246004,48.928205479952894,19.409102573606773
MAC003871,Std,0.076738578680203,0.0715715144230769,0.0688232289732024,11.500985677499376,3.993252700980632
MAC003872,Std,0.4192144668781726,0.3604945914663461,0.3713154683470416,12.89981231979358,-2.9142004045417225
MAC003873,Std,0.3978248732233502,0.3423921921321321,0.3265342001990314,21.832528715480738,4.85645666623431
MAC003874,Std,0.2493032994923857,0.2295606970552884,0.2240618078121891,11.265414631196013,2.454184091787992
MAC004627,Std,0.2565317258883248,0.2458312312312312,0.2271723588434246,12.923828935163616,8.213531119191742
MAC004628,Std,0.2932753808375634,0.2091699700900901,0.2246995622164743,30.51889284725153,-6.911269418239052
MAC004629,Std,0.2450025381979695,0.1991729729729729,0.1619950246119145,51.24077963808645,22.95005568851529
MAC004630,Std,0.1870558375634518,0.1407843842642642,0.1468950719771837,27.33976371413327,-4.159899737050832
MAC004632,Std,0.1063629441624365,0.0995825825825825,0.0990354134889581,7.398899459631547,0.5524984188463478
MAC004634,Std,0.1553350257614213,0.1221165862379807,0.1343675309768552,15.604584405274036,-9.117488912544404
MAC004635,Std,0.4125761420050761,0.3071393393993994,0.3159594136879103,30.57884150038308,-2.7915212860924576
MAC004636,Std,1.0484708131979696,1.0072254957306073,0.8556234074509024,22.538818371227578,17.718319410096804
MAC004637,Std,0.4453921322335025,0.3900708705705706,0.441685634653137,0.8391709599693487,-11.68585981364333
MAC004638,Std,0.1605870395171537,0.110754955075075,0.1245215545563072,28.96324663577674,-11.055595579644828
MAC004642,Std,0.1218413705583756,0.109517117057057,0.1079716142857142,12.845743174645152,1.4313972997134885
MAC004643,Std,0.3134593913705584,0.2257265626201923,0.2434774791310116,28.74266338279712,-7.290578403462023
MAC004644,Std,0.1427319586340206,0.1290347984737485,0.129034510226971,10.615337232617694,0.0002233873534374
MAC004645,Std,0.1251118170266836,0.1149129129729729,0.113569704218066,10.163020928940236,1.182717489805052
MAC004646,Std,0.8210469538071067,0.6244498494294294,0.5369844815040785,52.89956825332776,16.28824871816832
MAC004647,Std,0.2186459389593908,0.2001669669669669,0.2022373151091066,8.113549095245776,-1.0237221261678031
MAC004648,Std,0.1221954314720812,0.1018936936936937,0.1063193845812056,14.93241044745668,-4.162637796432744
MAC004650,Std,0.0840825921219822,0.0728114114114114,0.0753454931352391,11.596047252701268,-3.363282418603608
MAC004651,Std,0.3725913708121827,0.2434738737537537,0.2660655216261025,40.03744962332219,-8.49100918235337
MAC004652,Std,0.0943477157360406,0.0855465465465465,0.0855441039726754,10.2913133162015,0.0028553386588692
MAC004653,Std,0.1945723348984771,0.1833171172372372,0.1658026263430163,17.35178096391634,10.56345805885277
MAC004654,Std,0.3681903552030456,0.3062552551951952,0.3355879427576602,9.715013053650988,-8.740685771195045
MAC004656,Std,0.0381700507614213,0.0329777777777777,0.0335548327137546,13.75425735850808,-1.7197371862930575
MAC004660,Std,0.2386624366751269,0.2799951951951952,0.2491224881822402,-4.198758443461548,12.39258135153609
MAC004662,Std,0.2016269035532994,0.1409117117717717,0.1551129460007958,29.987153717179066,-9.155415195938089
MAC004663,Std,0.0329467005076142,0.0337447447447447,0.0334107190236136,-1.388831277984559,0.9997561587793856
MAC004664,Std,0.2236230964467005,0.1907597597597597,0.1970944384988054,13.45987139462379,-3.2140322107993224
MAC004665,Std,0.3606852791878173,0.2981453454054054,0.2967816023146306,21.53222314819898,0.459510657041684
MAC004666,Std,0.5814454302030456,0.4282175477764423,0.3587514091861776,62.0747446043616,19.36330751922275
MAC004667,Std,0.0428578680203045,0.0369525525525525,0.0403317636134509,6.263312537146626,-8.378535323388148
MAC004671,Std,0.4939086295685279,0.3996774774174174,0.4020463712087037,22.848672426429676,-0.5892090964941477
MAC005393,Std,0.6544796946700507,0.935466064024024,0.7061532030441703,-7.317605889396117,32.47352840591875
MAC005394,Std,0.1578071065989847,0.125193993993994,0.1234740017508953,27.80593838479077,1.3929995130219197
MAC005397,Std,0.2128591373096446,0.2714690689489489,0.2446578686385039,-12.997224044260635,10.958650322446871
MAC005398,Std,0.2552487307106599,0.5459033045045045,0.3613593737184163,-29.36429790539805,51.069363134852885
MAC005399,Std,0.4703172600253807,0.4224972968168168,0.3793495156718398,23.979928956132767,11.374149527662093
MAC005400,Std,0.1690406091370558,0.1325339339339339,0.1321830481761506,27.883727504746147,0.2654544305225048
MAC005402,Std,0.3928451774111675,0.3616666669069069,0.344080973446515,14.172304697990668,5.110917143788374
MAC005403,Std,0.2179847717005076,0.189667868048048,0.191908668873118,13.587767025068608,-1.1676391891142224
MAC005404,Std,0.5962195436548223,0.4763273273273273,0.4109345980299814,45.0886701954754,15.913171976961385
MAC005405,Std,0.0531624365482233,0.0376678678678678,0.0418586776311426,27.00457720305709,-10.011806393417544
MAC005406,Std,2.0999606618020303,1.6885507514714715,1.6896946086610518,24.2804854225156,-0.0676960903891799
MAC005407,Std,0.5552652276649747,0.3756852851651652,0.3952101212376467,40.498736703932735,-4.940368432705434
MAC005408,Std,0.155734771573604,0.129248048048048,0.1429891239604748,8.913718232620527,-9.609874885466896
MAC005409,Std,0.2041510153553299,0.1906714714114114,0.1869539094104383,9.198580548073544,1.988491180899321
MAC005410,Std,0.1665456850253807,0.1277339339339339,0.1301857673431489,27.929257110259066,-1.8833344529532117
MAC005411,Std,0.3577804568527918,0.3335237238438439,0.3147519734262023,13.670600046826408,5.963981802338969
MAC005412,Std,0.6402791885786802,0.4950390386186186,0.5039535776908283,27.051223946560945,-1.7689206837377849
MAC005414,Std,0.0894879288437103,0.0808198198198198,0.0789828215162167,13.30049639380968,2.32582005598001
MAC005415,Std,0.0821027918781726,0.0688258258258258,0.0702667639450819,16.844418710304243,-2.0506681087267165
MAC005416,Std,0.1281637055837563,0.0986576575975975,0.1049121236171906,22.16291231641392,-5.96162369414489
MAC005417,Std,0.2397153745870393,0.1852456457657657,0.1798420215015254,33.29219310682967,3.0046505366903675
MAC005418,Std,0.1795850253807106,0.1599357357357357,0.1549218117912328,15.919781278257394,3.236422222623836
MAC005419,Std,0.0901931385006353,0.0580696696696696,0.0616774771189812,46.23350810320079,-5.849473126716653
MAC005420,Std,0.1020431472081218,0.0853357357357357,0.0908526895337268,12.317145185053402,-6.072416596916597
MAC005421,Std,0.6411738579949238,0.533825224984985,0.52343556411753,22.49336918401619,1.984897775330019
MAC005422,Std,0.316555838071066,0.561215615015015,0.4214206790953708,-24.88364862621586,33.17230094634429
MAC005423,Std,0.8453259188481674,0.5982865925584256,0.6697971730764102,26.20625359846556,-10.676453020775387
MAC005424,Std,0.4536662430203045,0.3242403379227053,0.3287009109249285,38.017945172021975,-1.3570309220231724
MAC005470,ToU,0.1122766497461928,0.0881519519519519,0.0889265203262815,26.25777927016262,-0.8710206713223978
MAC005473,ToU,0.0619467005076142,0.0647193509014423,0.0606370630563109,2.1597969711809384,6.7323310849345175
MAC005474,ToU,0.0375025380710659,0.0411753753753753,0.0356426155580608,5.218254844331893,15.522878247534244
MAC005477,ToU,0.1078540609137055,0.0954582582582582,0.088609033028253,21.71903611600885,7.729714450016956
MAC005482,ToU,0.2675456852791878,0.1497471472072072,0.1784106645311049,49.960590070299695,-16.066033608041607
MAC005488,ToU,0.1682842639593908,0.367907507987988,0.2369730733054781,-28.98591320438406,55.2528744536829
MAC005489,ToU,0.2118096446700507,0.1701423423423423,0.1790695761689991,18.283434406608954,-4.985343695811073
MAC005495,ToU,0.3313451775380711,0.3460336337537537,0.2697581928950511,22.830440841135196,28.275486293896336
MAC005498,ToU,0.0513921319796954,0.1132560096754807,0.0620200305233136,-17.13623559024715,82.61198635319478
MAC005507,ToU,0.3310279185279187,0.3061405406606606,0.301332316446714,9.854768460075205,1.595655013257402
MAC005508,ToU,0.2864175126903553,0.225636036036036,0.2183787386033556,31.156317928266564,3.3232619068571223
MAC005514,ToU,0.0933743654822334,0.0785609609609609,0.0862174547383778,8.300999798211217,-8.880445149593118
MAC005515,ToU,0.1534771573604061,0.1780883413461538,0.1281442499005173,19.76905516990077,38.97489858843437
MAC005516,ToU,0.2663781724619289,0.2124489184495192,0.2203585294309267,20.883985362330822,-3.589428102390213
MAC005522,ToU,0.4263236040609137,0.3865603601201201,0.3718541681543869,14.648063830203494,3.9548277860441914
MAC005524,ToU,0.2029530456852791,0.1565075075075075,0.1629184187902102,24.573419747353075,-3.9350438890265016
MAC005529,ToU,0.2081890862944162,0.1827493990384615,0.1709102606752006,21.811929530703036,6.9271080135792085
MAC005533,ToU,0.3078946703045685,0.2608131012620192,0.2428422973207772,26.787908738098377,7.400195163490753
MAC005535,ToU,0.0951065989847715,0.0793351351951952,0.0758153060481464,25.44511648396464,4.642636600073224
MAC005536,ToU,0.0238439086294416,0.0202145432692307,0.0220661272136366,8.056608205840089,-8.39106892876802
MAC005537,ToU,0.1719351969504447,0.1671357358558558,0.1566697619022352,9.743702207025384,6.680276925519069
MAC005538,ToU,0.0583540609137055,0.096126126066066,0.0671221566416871,-13.062893337571913,43.21072336696293
MAC005541,ToU,0.4566928934010152,0.4363737981370192,0.3797308430438532,20.267526793517288,14.916606362318753
MAC005549,ToU,0.4583502541878173,0.4374642642642642,0.3882079714503614,18.06822319371786,12.688119883236617
MAC005550,ToU,0.254415501905972,0.2243027028228228,0.2277741079652473,11.696410175290662,-1.5240560805770853
MAC005551,ToU,0.2220164974619289,0.1823569711538461,0.1894238581983537,17.206195446323402,-3.7307270117513336
MAC005557,ToU,0.1389707750952986,0.1386144144744744,0.1303509551339877,6.612778519689799,6.339393011729522
MAC005564,ToU,0.0887829949238578,0.091784384084084,0.0797506967153284,11.325666834949866,15.089131336005869
