settlementDate,systemSellPrice
2016-01-01,13.5686
2016-01-02,13.5686
2016-01-03,13.5686
2016-01-04,13.5686
2016-01-05,13.5686
2016-01-06,13.5686
2016-01-07,13.5686
2016-01-08,13.5686
2016-01-09,13.5686
2016-01-10,13.5686
2016-01-11,13.5686
2016-01-12,13.5686
2016-01-13,13.5686
2016-01-14,13.5686
2016-01-15,13.5686
2016-01-16,13.5686
2016-01-17,13.5686
2016-01-18,13.5686
2016-01-19,13.5686
2016-01-20,13.5686
2016-01-21,13.5686
2016-01-22,13.5686
2016-01-23,13.5686
2016-01-24,13.5686
2016-01-25,13.5686
2016-01-26,13.5686
2016-01-27,13.5686
2016-01-28,13.5686
2016-01-29,13.5686
2016-01-30,13.5686
2016-01-31,13.5686
2016-02-01,12.7689
2016-02-02,12.7689
2016-02-03,12.7689
2016-02-04,12.7689
2016-02-05,12.7689
2016-02-06,12.7689
2016-02-07,12.7689
2016-02-08,12.7689
2016-02-09,12.7689
2016-02-10,12.7689
2016-02-11,12.7689
2016-02-12,12.7689
2016-02-13,12.7689
2016-02-14,12.7689
2016-02-15,12.7689
2016-02-16,12.7689
2016-02-17,12.7689
2016-02-18,12.7689
2016-02-19,12.7689
2016-02-20,12.7689
2016-02-21,12.7689
2016-02-22,12.7689
2016-02-23,12.7689
2016-02-24,12.7689
2016-02-25,12.7689
2016-02-26,12.7689
2016-02-27,12.7689
2016-02-28,12.7689
2016-02-29,12.7689
2016-03-01,10.9029
2016-03-02,10.9029
2016-03-03,10.9029
2016-03-04,10.9029
2016-03-05,10.9029
2016-03-06,10.9029
2016-03-07,10.9029
2016-03-08,10.9029
2016-03-09,10.9029
2016-03-10,10.9029
2016-03-11,10.9029
2016-03-12,10.9029
2016-03-13,10.9029
2016-03-14,10.9029
2016-03-15,10.9029
2016-03-16,10.9029
2016-03-17,10.9029
2016-03-18,10.9029
2016-03-19,10.9029
2016-03-20,10.9029
2016-03-21,10.9029
2016-03-22,10.9029
2016-03-23,10.9029
2016-03-24,10.9029
2016-03-25,10.9029
2016-03-26,10.9029
2016-03-27,10.9029
2016-03-28,10.9029
2016-03-29,10.9029
2016-03-30,10.9029
2016-03-31,10.9029
2016-04-01,10.7163
2016-04-02,10.7163
2016-04-03,10.7163
2016-04-04,10.7163
2016-04-05,10.7163
2016-04-06,10.7163
2016-04-07,10.7163
2016-04-08,10.7163
2016-04-09,10.7163
2016-04-10,10.7163
2016-04-11,10.7163
2016-04-12,10.7163
2016-04-13,10.7163
2016-04-14,10.7163
2016-04-15,10.7163
2016-04-16,10.7163
2016-04-17,10.7163
2016-04-18,10.7163
2016-04-19,10.7163
2016-04-20,10.7163
2016-04-21,10.7163
2016-04-22,10.7163
2016-04-23,10.7163
2016-04-24,10.7163
2016-04-25,10.7163
2016-04-26,10.7163
2016-04-27,10.7163
2016-04-28,10.7163
2016-04-29,10.7163
2016-04-30,10.7163
2016-05-01,10.6363
2016-05-02,10.6363
2016-05-03,10.6363
2016-05-04,10.6363
2016-05-05,10.6363
2016-05-06,10.6363
2016-05-07,10.6363
2016-05-08,10.6363
2016-05-09,10.6363
2016-05-10,10.6363
2016-05-11,10.6363
2016-05-12,10.6363
2016-05-13,10.6363
2016-05-14,10.6363
2016-05-15,10.6363
2016-05-16,10.6363
2016-05-17,10.6363
2016-05-18,10.6363
2016-05-19,10.6363
2016-05-20,10.6363
2016-05-21,10.6363
2016-05-22,10.6363
2016-05-23,10.6363
2016-05-24,10.6363
2016-05-25,10.6363
2016-05-26,10.6363
2016-05-27,10.6363
2016-05-28,10.6363
2016-05-29,10.6363
2016-05-30,10.6363
2016-05-31,10.6363
2016-06-01,10.7696
2016-06-02,10.7696
2016-06-03,10.7696
2016-06-04,10.7696
2016-06-05,10.7696
2016-06-06,10.7696
2016-06-07,10.7696
2016-06-08,10.7696
2016-06-09,10.7696
2016-06-10,10.7696
2016-06-11,10.7696
2016-06-12,10.7696
2016-06-13,10.7696
2016-06-14,10.7696
2016-06-15,10.7696
2016-06-16,10.7696
2016-06-17,10.7696
2016-06-18,10.7696
2016-06-19,10.7696
2016-06-20,10.7696
2016-06-21,10.7696
2016-06-22,10.7696
2016-06-23,10.7696
2016-06-24,10.7696
2016-06-25,10.7696
2016-06-26,10.7696
2016-06-27,10.7696
2016-06-28,10.7696
2016-06-29,10.7696
2016-06-30,10.7696
2016-07-01,11.4627
2016-07-02,11.4627
2016-07-03,11.4627
2016-07-04,11.4627
2016-07-05,11.4627
2016-07-06,11.4627
2016-07-07,11.4627
2016-07-08,11.4627
2016-07-09,11.4627
2016-07-10,11.4627
2016-07-11,11.4627
2016-07-12,11.4627
2016-07-13,11.4627
2016-07-14,11.4627
2016-07-15,11.4627
2016-07-16,11.4627
2016-07-17,11.4627
2016-07-18,11.4627
2016-07-19,11.4627
2016-07-20,11.4627
2016-07-21,11.4627
2016-07-22,11.4627
2016-07-23,11.4627
2016-07-24,11.4627
2016-07-25,11.4627
2016-07-26,11.4627
2016-07-27,11.4627
2016-07-28,11.4627
2016-07-29,11.4627
2016-07-30,11.4627
2016-07-31,11.4627
2016-08-01,11.3294
2016-08-02,11.3294
2016-08-03,11.3294
2016-08-04,11.3294
2016-08-05,11.3294
2016-08-06,11.3294
2016-08-07,11.3294
2016-08-08,11.3294
2016-08-09,11.3294
2016-08-10,11.3294
2016-08-11,11.3294
2016-08-12,11.3294
2016-08-13,11.3294
2016-08-14,11.3294
2016-08-15,11.3294
2016-08-16,11.3294
2016-08-17,11.3294
2016-08-18,11.3294
2016-08-19,11.3294
2016-08-20,11.3294
2016-08-21,11.3294
2016-08-22,11.3294
2016-08-23,11.3294
2016-08-24,11.3294
2016-08-25,11.3294
2016-08-26,11.3294
2016-08-27,11.3294
2016-08-28,11.3294
2016-08-29,11.3294
2016-08-30,11.3294
2016-08-31,11.3294
2016-09-01,10.5564
2016-09-02,10.5564
2016-09-03,10.5564
2016-09-04,10.5564
2016-09-05,10.5564
2016-09-06,10.5564
2016-09-07,10.5564
2016-09-08,10.5564
2016-09-09,10.5564
2016-09-10,10.5564
2016-09-11,10.5564
2016-09-12,10.5564
2016-09-13,10.5564
2016-09-14,10.5564
2016-09-15,10.5564
2016-09-16,10.5564
2016-09-17,10.5564
2016-09-18,10.5564
2016-09-19,10.5564
2016-09-20,10.5564
2016-09-21,10.5564
2016-09-22,10.5564
2016-09-23,10.5564
2016-09-24,10.5564
2016-09-25,10.5564
2016-09-26,10.5564
2016-09-27,10.5564
2016-09-28,10.5564
2016-09-29,10.5564
2016-09-30,10.5564
2016-10-01,10.6896
2016-10-02,10.6896
2016-10-03,10.6896
2016-10-04,10.6896
2016-10-05,10.6896
2016-10-06,10.6896
2016-10-07,10.6896
2016-10-08,10.6896
2016-10-09,10.6896
2016-10-10,10.6896
2016-10-11,10.6896
2016-10-12,10.6896
2016-10-13,10.6896
2016-10-14,10.6896
2016-10-15,10.6896
2016-10-16,10.6896
2016-10-17,10.6896
2016-10-18,10.6896
2016-10-19,10.6896
2016-10-20,10.6896
2016-10-21,10.6896
2016-10-22,10.6896
2016-10-23,10.6896
2016-10-24,10.6896
2016-10-25,10.6896
2016-10-26,10.6896
2016-10-27,10.6896
2016-10-28,10.6896
2016-10-29,10.6896
2016-10-30,10.6896
2016-10-31,10.6896
2016-11-01,12.1025
2016-11-02,12.1025
2016-11-03,12.1025
2016-11-04,12.1025
2016-11-05,12.1025
2016-11-06,12.1025
2016-11-07,12.1025
2016-11-08,12.1025
2016-11-09,12.1025
2016-11-10,12.1025
2016-11-11,12.1025
2016-11-12,12.1025
2016-11-13,12.1025
2016-11-14,12.1025
2016-11-15,12.1025
2016-11-16,12.1025
2016-11-17,12.1025
2016-11-18,12.1025
2016-11-19,12.1025
2016-11-20,12.1025
2016-11-21,12.1025
2016-11-22,12.1025
2016-11-23,12.1025
2016-11-24,12.1025
2016-11-25,12.1025
2016-11-26,12.1025
2016-11-27,12.1025
2016-11-28,12.1025
2016-11-29,12.1025
2016-11-30,12.1025
2016-12-01,13.7552
2016-12-02,13.7552
2016-12-03,13.7552
2016-12-04,13.7552
2016-12-05,13.7552
2016-12-06,13.7552
2016-12-07,13.7552
2016-12-08,13.7552
2016-12-09,13.7552
2016-12-10,13.7552
2016-12-11,13.7552
2016-12-12,13.7552
2016-12-13,13.7552
2016-12-14,13.7552
2016-12-15,13.7552
2016-12-16,13.7552
2016-12-17,13.7552
2016-12-18,13.7552
2016-12-19,13.7552
2016-12-20,13.7552
2016-12-21,13.7552
2016-12-22,13.7552
2016-12-23,13.7552
2016-12-24,13.7552
2016-12-25,13.7552
2016-12-26,13.7552
2016-12-27,13.7552
2016-12-28,13.7552
2016-12-29,13.7552
2016-12-30,13.7552
2016-12-31,13.7552
2017-01-01,16.7359
2017-01-02,16.7359
2017-01-03,16.7359
2017-01-04,16.7359
2017-01-05,16.7359
2017-01-06,16.7359
2017-01-07,16.7359
2017-01-08,16.7359
2017-01-09,16.7359
2017-01-10,16.7359
2017-01-11,16.7359
2017-01-12,16.7359
2017-01-13,16.7359
2017-01-14,16.7359
2017-01-15,16.7359
2017-01-16,16.7359
2017-01-17,16.7359
2017-01-18,16.7359
2017-01-19,16.7359
2017-01-20,16.7359
2017-01-21,16.7359
2017-01-22,16.7359
2017-01-23,16.7359
2017-01-24,16.7359
2017-01-25,16.7359
2017-01-26,16.7359
2017-01-27,16.7359
2017-01-28,16.7359
2017-01-29,16.7359
2017-01-30,16.7359
2017-01-31,16.7359
2017-02-01,16.2618
2017-02-02,16.2618
2017-02-03,16.2618
2017-02-04,16.2618
2017-02-05,16.2618
2017-02-06,16.2618
2017-02-07,16.2618
2017-02-08,16.2618
2017-02-09,16.2618
2017-02-10,16.2618
2017-02-11,16.2618
2017-02-12,16.2618
2017-02-13,16.2618
2017-02-14,16.2618
2017-02-15,16.2618
2017-02-16,16.2618
2017-02-17,16.2618
2017-02-18,16.2618
2017-02-19,16.2618
2017-02-20,16.2618
2017-02-21,16.2618
2017-02-22,16.2618
2017-02-23,16.2618
2017-02-24,16.2618
2017-02-25,16.2618
2017-02-26,16.2618
2017-02-27,16.2618
2017-02-28,16.2618
2017-03-01,13.1822
2017-03-02,13.1822
2017-03-03,13.1822
2017-03-04,13.1822
2017-03-05,13.1822
2017-03-06,13.1822
2017-03-07,13.1822
2017-03-08,13.1822
2017-03-09,13.1822
2017-03-10,13.1822
2017-03-11,13.1822
2017-03-12,13.1822
2017-03-13,13.1822
2017-03-14,13.1822
2017-03-15,13.1822
2017-03-16,13.1822
2017-03-17,13.1822
2017-03-18,13.1822
2017-03-19,13.1822
2017-03-20,13.1822
2017-03-21,13.1822
2017-03-22,13.1822
2017-03-23,13.1822
2017-03-24,13.1822
2017-03-25,13.1822
2017-03-26,13.1822
2017-03-27,13.1822
2017-03-28,13.1822
2017-03-29,13.1822
2017-03-30,13.1822
2017-03-31,13.1822
2017-04-01,13.4224
2017-04-02,13.4224
2017-04-03,13.4224
2017-04-04,13.4224
2017-04-05,13.4224
2017-04-06,13.4224
2017-04-07,13.4224
2017-04-08,13.4224
2017-04-09,13.4224
2017-04-10,13.4224
2017-04-11,13.4224
2017-04-12,13.4224
2017-04-13,13.4224
2017-04-14,13.4224
2017-04-15,13.4224
2017-04-16,13.4224
2017-04-17,13.4224
2017-04-18,13.4224
2017-04-19,13.4224
2017-04-20,13.4224
2017-04-21,13.4224
2017-04-22,13.4224
2017-04-23,13.4224
2017-04-24,13.4224
2017-04-25,13.4224
2017-04-26,13.4224
2017-04-27,13.4224
2017-04-28,13.4224
2017-04-29,13.4224
2017-04-30,13.4224
2017-05-01,13.5344
2017-05-02,13.5344
2017-05-03,13.5344
2017-05-04,13.5344
2017-05-05,13.5344
2017-05-06,13.5344
2017-05-07,13.5344
2017-05-08,13.5344
2017-05-09,13.5344
2017-05-10,13.5344
2017-05-11,13.5344
2017-05-12,13.5344
2017-05-13,13.5344
2017-05-14,13.5344
2017-05-15,13.5344
2017-05-16,13.5344
2017-05-17,13.5344
2017-05-18,13.5344
2017-05-19,13.5344
2017-05-20,13.5344
2017-05-21,13.5344
2017-05-22,13.5344
2017-05-23,13.5344
2017-05-24,13.5344
2017-05-25,13.5344
2017-05-26,13.5344
2017-05-27,13.5344
2017-05-28,13.5344
2017-05-29,13.5344
2017-05-30,13.5344
2017-05-31,13.5344
2017-06-01,13.2856
2017-06-02,13.2856
2017-06-03,13.2856
2017-06-04,13.2856
2017-06-05,13.2856
2017-06-06,13.2856
2017-06-07,13.2856
2017-06-08,13.2856
2017-06-09,13.2856
2017-06-10,13.2856
2017-06-11,13.2856
2017-06-12,13.2856
2017-06-13,13.2856
2017-06-14,13.2856
2017-06-15,13.2856
2017-06-16,13.2856
2017-06-17,13.2856
2017-06-18,13.2856
2017-06-19,13.2856
2017-06-20,13.2856
2017-06-21,13.2856
2017-06-22,13.2856
2017-06-23,13.2856
2017-06-24,13.2856
2017-06-25,13.2856
2017-06-26,13.2856
2017-06-27,13.2856
2017-06-28,13.2856
2017-06-29,13.2856
2017-06-30,13.2856
2017-07-01,13.5847
2017-07-02,13.5847
2017-07-03,13.5847
2017-07-04,13.5847
2017-07-05,13.5847
2017-07-06,13.5847
2017-07-07,13.5847
2017-07-08,13.5847
2017-07-09,13.5847
2017-07-10,13.5847
2017-07-11,13.5847
2017-07-12,13.5847
2017-07-13,13.5847
2017-07-14,13.5847
2017-07-15,13.5847
2017-07-16,13.5847
2017-07-17,13.5847
2017-07-18,13.5847
2017-07-19,13.5847
2017-07-20,13.5847
2017-07-21,13.5847
2017-07-22,13.5847
2017-07-23,13.5847
2017-07-24,13.5847
2017-07-25,13.5847
2017-07-26,13.5847
2017-07-27,13.5847
2017-07-28,13.5847
2017-07-29,13.5847
2017-07-30,13.5847
2017-07-31,13.5847
2017-08-01,14.7577
2017-08-02,14.7577
2017-08-03,14.7577
2017-08-04,14.7577
2017-08-05,14.7577
2017-08-06,14.7577
2017-08-07,14.7577
2017-08-08,14.7577
2017-08-09,14.7577
2017-08-10,14.7577
2017-08-11,14.7577
2017-08-12,14.7577
2017-08-13,14.7577
2017-08-14,14.7577
2017-08-15,14.7577
2017-08-16,14.7577
2017-08-17,14.7577
2017-08-18,14.7577
2017-08-19,14.7577
2017-08-20,14.7577
2017-08-21,14.7577
2017-08-22,14.7577
2017-08-23,14.7577
2017-08-24,14.7577
2017-08-25,14.7577
2017-08-26,14.7577
2017-08-27,14.7577
2017-08-28,14.7577
2017-08-29,14.7577
2017-08-30,14.7577
2017-08-31,14.7577
2017-09-01,16.1027
2017-09-02,16.1027
2017-09-03,16.1027
2017-09-04,16.1027
2017-09-05,16.1027
2017-09-06,16.1027
2017-09-07,16.1027
2017-09-08,16.1027
2017-09-09,16.1027
2017-09-10,16.1027
2017-09-11,16.1027
2017-09-12,16.1027
2017-09-13,16.1027
2017-09-14,16.1027
2017-09-15,16.1027
2017-09-16,16.1027
2017-09-17,16.1027
2017-09-18,16.1027
2017-09-19,16.1027
2017-09-20,16.1027
2017-09-21,16.1027
2017-09-22,16.1027
2017-09-23,16.1027
2017-09-24,16.1027
2017-09-25,16.1027
2017-09-26,16.1027
2017-09-27,16.1027
2017-09-28,16.1027
2017-09-29,16.1027
2017-09-30,16.1027
2017-10-01,15.708
2017-10-02,15.708
2017-10-03,15.708
2017-10-04,15.708
2017-10-05,15.708
2017-10-06,15.708
2017-10-07,15.708
2017-10-08,15.708
2017-10-09,15.708
2017-10-10,15.708
2017-10-11,15.708
2017-10-12,15.708
2017-10-13,15.708
2017-10-14,15.708
2017-10-15,15.708
2017-10-16,15.708
2017-10-17,15.708
2017-10-18,15.708
2017-10-19,15.708
2017-10-20,15.708
2017-10-21,15.708
2017-10-22,15.708
2017-10-23,15.708
2017-10-24,15.708
2017-10-25,15.708
2017-10-26,15.708
2017-10-27,15.708
2017-10-28,15.708
2017-10-29,15.708
2017-10-30,15.708
2017-10-31,15.708
2017-11-01,17.9512
2017-11-02,17.9512
2017-11-03,17.9512
2017-11-04,17.9512
2017-11-05,17.9512
2017-11-06,17.9512
2017-11-07,17.9512
2017-11-08,17.9512
2017-11-09,17.9512
2017-11-10,17.9512
2017-11-11,17.9512
2017-11-12,17.9512
2017-11-13,17.9512
2017-11-14,17.9512
2017-11-15,17.9512
2017-11-16,17.9512
2017-11-17,17.9512
2017-11-18,17.9512
2017-11-19,17.9512
2017-11-20,17.9512
2017-11-21,17.9512
2017-11-22,17.9512
2017-11-23,17.9512
2017-11-24,17.9512
2017-11-25,17.9512
2017-11-26,17.9512
2017-11-27,17.9512
2017-11-28,17.9512
2017-11-29,17.9512
2017-11-30,17.9512
2017-12-01,19.2195
2017-12-02,19.2195
2017-12-03,19.2195
2017-12-04,19.2195
2017-12-05,19.2195
2017-12-06,19.2195
2017-12-07,19.2195
2017-12-08,19.2195
2017-12-09,19.2195
2017-12-10,19.2195
2017-12-11,19.2195
2017-12-12,19.2195
2017-12-13,19.2195
2017-12-14,19.2195
2017-12-15,19.2195
2017-12-16,19.2195
2017-12-17,19.2195
2017-12-18,19.2195
2017-12-19,19.2195
2017-12-20,19.2195
2017-12-21,19.2195
2017-12-22,19.2195
2017-12-23,19.2195
2017-12-24,19.2195
2017-12-25,19.2195
2017-12-26,19.2195
2017-12-27,19.2195
2017-12-28,19.2195
2017-12-29,19.2195
2017-12-30,19.2195
2017-12-31,19.2195
2018-01-01,17.7227
2018-01-02,17.7227
2018-01-03,17.7227
2018-01-04,17.7227
2018-01-05,17.7227
2018-01-06,17.7227
2018-01-07,17.7227
2018-01-08,17.7227
2018-01-09,17.7227
2018-01-10,17.7227
2018-01-11,17.7227
2018-01-12,17.7227
2018-01-13,17.7227
2018-01-14,17.7227
2018-01-15,17.7227
2018-01-16,17.7227
2018-01-17,17.7227
2018-01-18,17.7227
2018-01-19,17.7227
2018-01-20,17.7227
2018-01-21,17.7227
2018-01-22,17.7227
2018-01-23,17.7227
2018-01-24,17.7227
2018-01-25,17.7227
2018-01-26,17.7227
2018-01-27,17.7227
2018-01-28,17.7227
2018-01-29,17.7227
2018-01-30,17.7227
2018-01-31,17.7227
2018-02-01,20.9022
2018-02-02,20.9022
2018-02-03,20.9022
2018-02-04,20.9022
2018-02-05,20.9022
2018-02-06,20.9022
2018-02-07,20.9022
2018-02-08,20.9022
2018-02-09,20.9022
2018-02-10,20.9022
2018-02-11,20.9022
2018-02-12,20.9022
2018-02-13,20.9022
2018-02-14,20.9022
2018-02-15,20.9022
2018-02-16,20.9022
2018-02-17,20.9022
2018-02-18,20.9022
2018-02-19,20.9022
2018-02-20,20.9022
2018-02-21,20.9022
2018-02-22,20.9022
2018-02-23,20.9022
2018-02-24,20.9022
2018-02-25,20.9022
2018-02-26,20.9022
2018-02-27,20.9022
2018-02-28,20.9022
2018-03-01,22.7558
2018-03-02,22.7558
2018-03-03,22.7558
2018-03-04,22.7558
2018-03-05,22.7558
2018-03-06,22.7558
2018-03-07,22.7558
2018-03-08,22.7558
2018-03-09,22.7558
2018-03-10,22.7558
2018-03-11,22.7558
2018-03-12,22.7558
2018-03-13,22.7558
2018-03-14,22.7558
2018-03-15,22.7558
2018-03-16,22.7558
2018-03-17,22.7558
2018-03-18,22.7558
2018-03-19,22.7558
2018-03-20,22.7558
2018-03-21,22.7558
2018-03-22,22.7558
2018-03-23,22.7558
2018-03-24,22.7558
2018-03-25,22.7558
2018-03-26,22.7558
2018-03-27,22.7558
2018-03-28,22.7558
2018-03-29,22.7558
2018-03-30,22.7558
2018-03-31,22.7558
2018-04-01,18.8328
2018-04-02,18.8328
2018-04-03,18.8328
2018-04-04,18.8328
2018-04-05,18.8328
2018-04-06,18.8328
2018-04-07,18.8328
2018-04-08,18.8328
2018-04-09,18.8328
2018-04-10,18.8328
2018-04-11,18.8328
2018-04-12,18.8328
2018-04-13,18.8328
2018-04-14,18.8328
2018-04-15,18.8328
2018-04-16,18.8328
2018-04-17,18.8328
2018-04-18,18.8328
2018-04-19,18.8328
2018-04-20,18.8328
2018-04-21,18.8328
2018-04-22,18.8328
2018-04-23,18.8328
2018-04-24,18.8328
2018-04-25,18.8328
2018-04-26,18.8328
2018-04-27,18.8328
2018-04-28,18.8328
2018-04-29,18.8328
2018-04-30,18.8328
2018-05-01,19.8888
2018-05-02,19.8888
2018-05-03,19.8888
2018-05-04,19.8888
2018-05-05,19.8888
2018-05-06,19.8888
2018-05-07,19.8888
2018-05-08,19.8888
2018-05-09,19.8888
2018-05-10,19.8888
2018-05-11,19.8888
2018-05-12,19.8888
2018-05-13,19.8888
2018-05-14,19.8888
2018-05-15,19.8888
2018-05-16,19.8888
2018-05-17,19.8888
2018-05-18,19.8888
2018-05-19,19.8888
2018-05-20,19.8888
2018-05-21,19.8888
2018-05-22,19.8888
2018-05-23,19.8888
2018-05-24,19.8888
2018-05-25,19.8888
2018-05-26,19.8888
2018-05-27,19.8888
2018-05-28,19.8888
2018-05-29,19.8888
2018-05-30,19.8888
2018-05-31,19.8888
2018-06-01,20.0049
2018-06-02,20.0049
2018-06-03,20.0049
2018-06-04,20.0049
2018-06-05,20.0049
2018-06-06,20.0049
2018-06-07,20.0049
2018-06-08,20.0049
2018-06-09,20.0049
2018-06-10,20.0049
2018-06-11,20.0049
2018-06-12,20.0049
2018-06-13,20.0049
2018-06-14,20.0049
2018-06-15,20.0049
2018-06-16,20.0049
2018-06-17,20.0049
2018-06-18,20.0049
2018-06-19,20.0049
2018-06-20,20.0049
2018-06-21,20.0049
2018-06-22,20.0049
2018-06-23,20.0049
2018-06-24,20.0049
2018-06-25,20.0049
2018-06-26,20.0049
2018-06-27,20.0049
2018-06-28,20.0049
2018-06-29,20.0049
2018-06-30,20.0049
2018-07-01,20.3158
2018-07-02,20.3158
2018-07-03,20.3158
2018-07-04,20.3158
2018-07-05,20.3158
2018-07-06,20.3158
2018-07-07,20.3158
2018-07-08,20.3158
2018-07-09,20.3158
2018-07-10,20.3158
2018-07-11,20.3158
2018-07-12,20.3158
2018-07-13,20.3158
2018-07-14,20.3158
2018-07-15,20.3158
2018-07-16,20.3158
2018-07-17,20.3158
2018-07-18,20.3158
2018-07-19,20.3158
2018-07-20,20.3158
2018-07-21,20.3158
2018-07-22,20.3158
2018-07-23,20.3158
2018-07-24,20.3158
2018-07-25,20.3158
2018-07-26,20.3158
2018-07-27,20.3158
2018-07-28,20.3158
2018-07-29,20.3158
2018-07-30,20.3158
2018-07-31,20.3158
2018-08-01,21.6035
2018-08-02,21.6035
2018-08-03,21.6035
2018-08-04,21.6035
2018-08-05,21.6035
2018-08-06,21.6035
2018-08-07,21.6035
2018-08-08,21.6035
2018-08-09,21.6035
2018-08-10,21.6035
2018-08-11,21.6035
2018-08-12,21.6035
2018-08-13,21.6035
2018-08-14,21.6035
2018-08-15,21.6035
2018-08-16,21.6035
2018-08-17,21.6035
2018-08-18,21.6035
2018-08-19,21.6035
2018-08-20,21.6035
2018-08-21,21.6035
2018-08-22,21.6035
2018-08-23,21.6035
2018-08-24,21.6035
2018-08-25,21.6035
2018-08-26,21.6035
2018-08-27,21.6035
2018-08-28,21.6035
2018-08-29,21.6035
2018-08-30,21.6035
2018-08-31,21.6035
2018-09-01,25.3749
2018-09-02,25.3749
2018-09-03,25.3749
2018-09-04,25.3749
2018-09-05,25.3749
2018-09-06,25.3749
2018-09-07,25.3749
2018-09-08,25.3749
2018-09-09,25.3749
2018-09-10,25.3749
2018-09-11,25.3749
2018-09-12,25.3749
2018-09-13,25.3749
2018-09-14,25.3749
2018-09-15,25.3749
2018-09-16,25.3749
2018-09-17,25.3749
2018-09-18,25.3749
2018-09-19,25.3749
2018-09-20,25.3749
2018-09-21,25.3749
2018-09-22,25.3749
2018-09-23,25.3749
2018-09-24,25.3749
2018-09-25,25.3749
2018-09-26,25.3749
2018-09-27,25.3749
2018-09-28,25.3749
2018-09-29,25.3749
2018-09-30,25.3749
2018-10-01,22.9145
2018-10-02,22.9145
2018-10-03,22.9145
2018-10-04,22.9145
2018-10-05,22.9145
2018-10-06,22.9145
2018-10-07,22.9145
2018-10-08,22.9145
2018-10-09,22.9145
2018-10-10,22.9145
2018-10-11,22.9145
2018-10-12,22.9145
2018-10-13,22.9145
2018-10-14,22.9145
2018-10-15,22.9145
2018-10-16,22.9145
2018-10-17,22.9145
2018-10-18,22.9145
2018-10-19,22.9145
2018-10-20,22.9145
2018-10-21,22.9145
2018-10-22,22.9145
2018-10-23,22.9145
2018-10-24,22.9145
2018-10-25,22.9145
2018-10-26,22.9145
2018-10-27,22.9145
2018-10-28,22.9145
2018-10-29,22.9145
2018-10-30,22.9145
2018-10-31,22.9145
2018-11-01,21.8711
2018-11-02,21.8711
2018-11-03,21.8711
2018-11-04,21.8711
2018-11-05,21.8711
2018-11-06,21.8711
2018-11-07,21.8711
2018-11-08,21.8711
2018-11-09,21.8711
2018-11-10,21.8711
2018-11-11,21.8711
2018-11-12,21.8711
2018-11-13,21.8711
2018-11-14,21.8711
2018-11-15,21.8711
2018-11-16,21.8711
2018-11-17,21.8711
2018-11-18,21.8711
2018-11-19,21.8711
2018-11-20,21.8711
2018-11-21,21.8711
2018-11-22,21.8711
2018-11-23,21.8711
2018-11-24,21.8711
2018-11-25,21.8711
2018-11-26,21.8711
2018-11-27,21.8711
2018-11-28,21.8711
2018-11-29,21.8711
2018-11-30,21.8711
2018-12-01,21.0406
2018-12-02,21.0406
2018-12-03,21.0406
2018-12-04,21.0406
2018-12-05,21.0406
2018-12-06,21.0406
2018-12-07,21.0406
2018-12-08,21.0406
2018-12-09,21.0406
2018-12-10,21.0406
2018-12-11,21.0406
2018-12-12,21.0406
2018-12-13,21.0406
2018-12-14,21.0406
2018-12-15,21.0406
2018-12-16,21.0406
2018-12-17,21.0406
2018-12-18,21.0406
2018-12-19,21.0406
2018-12-20,21.0406
2018-12-21,21.0406
2018-12-22,21.0406
2018-12-23,21.0406
2018-12-24,21.0406
2018-12-25,21.0406
2018-12-26,21.0406
2018-12-27,21.0406
2018-12-28,21.0406
2018-12-29,21.0406
2018-12-30,21.0406
2018-12-31,21.0406
2019-01-01,19.0896
2019-01-02,19.0896
2019-01-03,19.0896
2019-01-04,19.0896
2019-01-05,19.0896
2019-01-06,19.0896
2019-01-07,19.0896
2019-01-08,19.0896
2019-01-09,19.0896
2019-01-10,19.0896
2019-01-11,19.0896
2019-01-12,19.0896
2019-01-13,19.0896
2019-01-14,19.0896
2019-01-15,19.0896
2019-01-16,19.0896
2019-01-17,19.0896
2019-01-18,19.0896
2019-01-19,19.0896
2019-01-20,19.0896
2019-01-21,19.0896
2019-01-22,19.0896
2019-01-23,19.0896
2019-01-24,19.0896
2019-01-25,19.0896
2019-01-26,19.0896
2019-01-27,19.0896
2019-01-28,19.0896
2019-01-29,19.0896
2019-01-30,19.0896
2019-01-31,19.0896
2019-02-01,15.9581
2019-02-02,15.9581
2019-02-03,15.9581
2019-02-04,15.9581
2019-02-05,15.9581
2019-02-06,15.9581
2019-02-07,15.9581
2019-02-08,15.9581
2019-02-09,15.9581
2019-02-10,15.9581
2019-02-11,15.9581
2019-02-12,15.9581
2019-02-13,15.9581
2019-02-14,15.9581
2019-02-15,15.9581
2019-02-16,15.9581
2019-02-17,15.9581
2019-02-18,15.9581
2019-02-19,15.9581
2019-02-20,15.9581
2019-02-21,15.9581
2019-02-22,15.9581
2019-02-23,15.9581
2019-02-24,15.9581
2019-02-25,15.9581
2019-02-26,15.9581
2019-02-27,15.9581
2019-02-28,15.9581
2019-03-01,13.8544
2019-03-02,13.8544
2019-03-03,13.8544
2019-03-04,13.8544
2019-03-05,13.8544
2019-03-06,13.8544
2019-03-07,13.8544
2019-03-08,13.8544
2019-03-09,13.8544
2019-03-10,13.8544
2019-03-11,13.8544
2019-03-12,13.8544
2019-03-13,13.8544
2019-03-14,13.8544
2019-03-15,13.8544
2019-03-16,13.8544
2019-03-17,13.8544
2019-03-18,13.8544
2019-03-19,13.8544
2019-03-20,13.8544
2019-03-21,13.8544
2019-03-22,13.8544
2019-03-23,13.8544
2019-03-24,13.8544
2019-03-25,13.8544
2019-03-26,13.8544
2019-03-27,13.8544
2019-03-28,13.8544
2019-03-29,13.8544
2019-03-30,13.8544
2019-03-31,13.8544
2019-04-01,13.2041
2019-04-02,13.2041
2019-04-03,13.2041
2019-04-04,13.2041
2019-04-05,13.2041
2019-04-06,13.2041
2019-04-07,13.2041
2019-04-08,13.2041
2019-04-09,13.2041
2019-04-10,13.2041
2019-04-11,13.2041
2019-04-12,13.2041
2019-04-13,13.2041
2019-04-14,13.2041
2019-04-15,13.2041
2019-04-16,13.2041
2019-04-17,13.2041
2019-04-18,13.2041
2019-04-19,13.2041
2019-04-20,13.2041
2019-04-21,13.2041
2019-04-22,13.2041
2019-04-23,13.2041
2019-04-24,13.2041
2019-04-25,13.2041
2019-04-26,13.2041
2019-04-27,13.2041
2019-04-28,13.2041
2019-04-29,13.2041
2019-04-30,13.2041
2019-05-01,11.6231
2019-05-02,11.6231
2019-05-03,11.6231
2019-05-04,11.6231
2019-05-05,11.6231
2019-05-06,11.6231
2019-05-07,11.6231
2019-05-08,11.6231
2019-05-09,11.6231
2019-05-10,11.6231
2019-05-11,11.6231
2019-05-12,11.6231
2019-05-13,11.6231
2019-05-14,11.6231
2019-05-15,11.6231
2019-05-16,11.6231
2019-05-17,11.6231
2019-05-18,11.6231
2019-05-19,11.6231
2019-05-20,11.6231
2019-05-21,11.6231
2019-05-22,11.6231
2019-05-23,11.6231
2019-05-24,11.6231
2019-05-25,11.6231
2019-05-26,11.6231
2019-05-27,11.6231
2019-05-28,11.6231
2019-05-29,11.6231
2019-05-30,11.6231
2019-05-31,11.6231
2019-06-01,9.2849
2019-06-02,9.2849
2019-06-03,9.2849
2019-06-04,9.2849
2019-06-05,9.2849
2019-06-06,9.2849
2019-06-07,9.2849
2019-06-08,9.2849
2019-06-09,9.2849
2019-06-10,9.2849
2019-06-11,9.2849
2019-06-12,9.2849
2019-06-13,9.2849
2019-06-14,9.2849
2019-06-15,9.2849
2019-06-16,9.2849
2019-06-17,9.2849
2019-06-18,9.2849
2019-06-19,9.2849
2019-06-20,9.2849
2019-06-21,9.2849
2019-06-22,9.2849
2019-06-23,9.2849
2019-06-24,9.2849
2019-06-25,9.2849
2019-06-26,9.2849
2019-06-27,9.2849
2019-06-28,9.2849
2019-06-29,9.2849
2019-06-30,9.2849
2019-07-01,9.5859
2019-07-02,9.5859
2019-07-03,9.5859
2019-07-04,9.5859
2019-07-05,9.5859
2019-07-06,9.5859
2019-07-07,9.5859
2019-07-08,9.5859
2019-07-09,9.5859
2019-07-10,9.5859
2019-07-11,9.5859
2019-07-12,9.5859
2019-07-13,9.5859
2019-07-14,9.5859
2019-07-15,9.5859
2019-07-16,9.5859
2019-07-17,9.5859
2019-07-18,9.5859
2019-07-19,9.5859
2019-07-20,9.5859
2019-07-21,9.5859
2019-07-22,9.5859
2019-07-23,9.5859
2019-07-24,9.5859
2019-07-25,9.5859
2019-07-26,9.5859
2019-07-27,9.5859
2019-07-28,9.5859
2019-07-29,9.5859
2019-07-30,9.5859
2019-07-31,9.5859
2019-08-01,8.7175
2019-08-02,8.7175
2019-08-03,8.7175
2019-08-04,8.7175
2019-08-05,8.7175
2019-08-06,8.7175
2019-08-07,8.7175
2019-08-08,8.7175
2019-08-09,8.7175
2019-08-10,8.7175
2019-08-11,8.7175
2019-08-12,8.7175
2019-08-13,8.7175
2019-08-14,8.7175
2019-08-15,8.7175
2019-08-16,8.7175
2019-08-17,8.7175
2019-08-18,8.7175
2019-08-19,8.7175
2019-08-20,8.7175
2019-08-21,8.7175
2019-08-22,8.7175
2019-08-23,8.7175
2019-08-24,8.7175
2019-08-25,8.7175
2019-08-26,8.7175
2019-08-27,8.7175
2019-08-28,8.7175
2019-08-29,8.7175
2019-08-30,8.7175
2019-08-31,8.7175
2019-09-01,8.2286
2019-09-02,8.2286
2019-09-03,8.2286
2019-09-04,8.2286
2019-09-05,8.2286
2019-09-06,8.2286
2019-09-07,8.2286
2019-09-08,8.2286
2019-09-09,8.2286
2019-09-10,8.2286
2019-09-11,8.2286
2019-09-12,8.2286
2019-09-13,8.2286
2019-09-14,8.2286
2019-09-15,8.2286
2019-09-16,8.2286
2019-09-17,8.2286
2019-09-18,8.2286
2019-09-19,8.2286
2019-09-20,8.2286
2019-09-21,8.2286
2019-09-22,8.2286
2019-09-23,8.2286
2019-09-24,8.2286
2019-09-25,8.2286
2019-09-26,8.2286
2019-09-27,8.2286
2019-09-28,8.2286
2019-09-29,8.2286
2019-09-30,8.2286
2019-10-01,8.9029
2019-10-02,8.9029
2019-10-03,8.9029
2019-10-04,8.9029
2019-10-05,8.9029
2019-10-06,8.9029
2019-10-07,8.9029
2019-10-08,8.9029
2019-10-09,8.9029
2019-10-10,8.9029
2019-10-11,8.9029
2019-10-12,8.9029
2019-10-13,8.9029
2019-10-14,8.9029
2019-10-15,8.9029
2019-10-16,8.9029
2019-10-17,8.9029
2019-10-18,8.9029
2019-10-19,8.9029
2019-10-20,8.9029
2019-10-21,8.9029
2019-10-22,8.9029
2019-10-23,8.9029
2019-10-24,8.9029
2019-10-25,8.9029
2019-10-26,8.9029
2019-10-27,8.9029
2019-10-28,8.9029
2019-10-29,8.9029
2019-10-30,8.9029
2019-10-31,8.9029
2019-11-01,12.745
2019-11-02,12.745
2019-11-03,12.745
2019-11-04,12.745
2019-11-05,12.745
2019-11-06,12.745
2019-11-07,12.745
2019-11-08,12.745
2019-11-09,12.745
2019-11-10,12.745
2019-11-11,12.745
2019-11-12,12.745
2019-11-13,12.745
2019-11-14,12.745
2019-11-15,12.745
2019-11-16,12.745
2019-11-17,12.745
2019-11-18,12.745
2019-11-19,12.745
2019-11-20,12.745
2019-11-21,12.745
2019-11-22,12.745
2019-11-23,12.745
2019-11-24,12.745
2019-11-25,12.745
2019-11-26,12.745
2019-11-27,12.745
2019-11-28,12.745
2019-11-29,12.745
2019-11-30,12.745
2019-12-01,11.3122
2019-12-02,11.3122
2019-12-03,11.3122
2019-12-04,11.3122
2019-12-05,11.3122
2019-12-06,11.3122
2019-12-07,11.3122
2019-12-08,11.3122
2019-12-09,11.3122
2019-12-10,11.3122
2019-12-11,11.3122
2019-12-12,11.3122
2019-12-13,11.3122
2019-12-14,11.3122
2019-12-15,11.3122
2019-12-16,11.3122
2019-12-17,11.3122
2019-12-18,11.3122
2019-12-19,11.3122
2019-12-20,11.3122
2019-12-21,11.3122
2019-12-22,11.3122
2019-12-23,11.3122
2019-12-24,11.3122
2019-12-25,11.3122
2019-12-26,11.3122
2019-12-27,11.3122
2019-12-28,11.3122
2019-12-29,11.3122
2019-12-30,11.3122
2019-12-31,11.3122
2020-01-01,9.6667
2020-01-02,9.6667
2020-01-03,9.6667
2020-01-04,9.6667
2020-01-05,9.6667
2020-01-06,9.6667
2020-01-07,9.6667
2020-01-08,9.6667
2020-01-09,9.6667
2020-01-10,9.6667
2020-01-11,9.6667
2020-01-12,9.6667
2020-01-13,9.6667
2020-01-14,9.6667
2020-01-15,9.6667
2020-01-16,9.6667
2020-01-17,9.6667
2020-01-18,9.6667
2020-01-19,9.6667
2020-01-20,9.6667
2020-01-21,9.6667
2020-01-22,9.6667
2020-01-23,9.6667
2020-01-24,9.6667
2020-01-25,9.6667
2020-01-26,9.6667
2020-01-27,9.6667
2020-01-28,9.6667
2020-01-29,9.6667
2020-01-30,9.6667
2020-01-31,9.6667
2020-02-01,7.9852
2020-02-02,7.9852
2020-02-03,7.9852
2020-02-04,7.9852
2020-02-05,7.9852
2020-02-06,7.9852
2020-02-07,7.9852
2020-02-08,7.9852
2020-02-09,7.9852
2020-02-10,7.9852
2020-02-11,7.9852
2020-02-12,7.9852
2020-02-13,7.9852
2020-02-14,7.9852
2020-02-15,7.9852
2020-02-16,7.9852
2020-02-17,7.9852
2020-02-18,7.9852
2020-02-19,7.9852
2020-02-20,7.9852
2020-02-21,7.9852
2020-02-22,7.9852
2020-02-23,7.9852
2020-02-24,7.9852
2020-02-25,7.9852
2020-02-26,7.9852
2020-02-27,7.9852
2020-02-28,7.9852
2020-02-29,7.9852
2020-03-01,7.437
2020-03-02,7.437
2020-03-03,7.437
2020-03-04,7.437
2020-03-05,7.437
2020-03-06,7.437
2020-03-07,7.437
2020-03-08,7.437
2020-03-09,7.437
2020-03-10,7.437
2020-03-11,7.437
2020-03-12,7.437
2020-03-13,7.437
2020-03-14,7.437
2020-03-15,7.437
2020-03-16,7.437
2020-03-17,7.437
2020-03-18,7.437
2020-03-19,7.437
2020-03-20,7.437
2020-03-21,7.437
2020-03-22,7.437
2020-03-23,7.437
2020-03-24,7.437
2020-03-25,7.437
2020-03-26,7.437
2020-03-27,7.437
2020-03-28,7.437
2020-03-29,7.437
2020-03-30,7.437
2020-03-31,7.437
2020-04-01,5.5551
2020-04-02,5.5551
2020-04-03,5.5551
2020-04-04,5.5551
2020-04-05,5.5551
2020-04-06,5.5551
2020-04-07,5.5551
2020-04-08,5.5551
2020-04-09,5.5551
2020-04-10,5.5551
2020-04-11,5.5551
2020-04-12,5.5551
2020-04-13,5.5551
2020-04-14,5.5551
2020-04-15,5.5551
2020-04-16,5.5551
2020-04-17,5.5551
2020-04-18,5.5551
2020-04-19,5.5551
2020-04-20,5.5551
2020-04-21,5.5551
2020-04-22,5.5551
2020-04-23,5.5551
2020-04-24,5.5551
2020-04-25,5.5551
2020-04-26,5.5551
2020-04-27,5.5551
2020-04-28,5.5551
2020-04-29,5.5551
2020-04-30,5.5551
2020-05-01,3.899
2020-05-02,3.899
2020-05-03,3.899
2020-05-04,3.899
2020-05-05,3.899
2020-05-06,3.899
2020-05-07,3.899
2020-05-08,3.899
2020-05-09,3.899
2020-05-10,3.899
2020-05-11,3.899
2020-05-12,3.899
2020-05-13,3.899
2020-05-14,3.899
2020-05-15,3.899
2020-05-16,3.899
2020-05-17,3.899
2020-05-18,3.899
2020-05-19,3.899
2020-05-20,3.899
2020-05-21,3.899
2020-05-22,3.899
2020-05-23,3.899
2020-05-24,3.899
2020-05-25,3.899
2020-05-26,3.899
2020-05-27,3.899
2020-05-28,3.899
2020-05-29,3.899
2020-05-30,3.899
2020-05-31,3.899
2020-06-01,4.3913
2020-06-02,4.3913
2020-06-03,4.3913
2020-06-04,4.3913
2020-06-05,4.3913
2020-06-06,4.3913
2020-06-07,4.3913
2020-06-08,4.3913
2020-06-09,4.3913
2020-06-10,4.3913
2020-06-11,4.3913
2020-06-12,4.3913
2020-06-13,4.3913
2020-06-14,4.3913
2020-06-15,4.3913
2020-06-16,4.3913
2020-06-17,4.3913
2020-06-18,4.3913
2020-06-19,4.3913
2020-06-20,4.3913
2020-06-21,4.3913
2020-06-22,4.3913
2020-06-23,4.3913
2020-06-24,4.3913
2020-06-25,4.3913
2020-06-26,4.3913
2020-06-27,4.3913
2020-06-28,4.3913
2020-06-29,4.3913
2020-06-30,4.3913
2020-07-01,4.3741
2020-07-02,4.3741
2020-07-03,4.3741
2020-07-04,4.3741
2020-07-05,4.3741
2020-07-06,4.3741
2020-07-07,4.3741
2020-07-08,4.3741
2020-07-09,4.3741
2020-07-10,4.3741
2020-07-11,4.3741
2020-07-12,4.3741
2020-07-13,4.3741
2020-07-14,4.3741
2020-07-15,4.3741
2020-07-16,4.3741
2020-07-17,4.3741
2020-07-18,4.3741
2020-07-19,4.3741
2020-07-20,4.3741
2020-07-21,4.3741
2020-07-22,4.3741
2020-07-23,4.3741
2020-07-24,4.3741
2020-07-25,4.3741
2020-07-26,4.3741
2020-07-27,4.3741
2020-07-28,4.3741
2020-07-29,4.3741
2020-07-30,4.3741
2020-07-31,4.3741
2020-08-01,6.9618
2020-08-02,6.9618
2020-08-03,6.9618
2020-08-04,6.9618
2020-08-05,6.9618
2020-08-06,6.9618
2020-08-07,6.9618
2020-08-08,6.9618
2020-08-09,6.9618
2020-08-10,6.9618
2020-08-11,6.9618
2020-08-12,6.9618
2020-08-13,6.9618
2020-08-14,6.9618
2020-08-15,6.9618
2020-08-16,6.9618
2020-08-17,6.9618
2020-08-18,6.9618
2020-08-19,6.9618
2020-08-20,6.9618
2020-08-21,6.9618
2020-08-22,6.9618
2020-08-23,6.9618
2020-08-24,6.9618
2020-08-25,6.9618
2020-08-26,6.9618
2020-08-27,6.9618
2020-08-28,6.9618
2020-08-29,6.9618
2020-08-30,6.9618
2020-08-31,6.9618
2020-09-01,10.2764
2020-09-02,10.2764
2020-09-03,10.2764
2020-09-04,10.2764
2020-09-05,10.2764
2020-09-06,10.2764
2020-09-07,10.2764
2020-09-08,10.2764
2020-09-09,10.2764
2020-09-10,10.2764
2020-09-11,10.2764
2020-09-12,10.2764
2020-09-13,10.2764
2020-09-14,10.2764
2020-09-15,10.2764
2020-09-16,10.2764
2020-09-17,10.2764
2020-09-18,10.2764
2020-09-19,10.2764
2020-09-20,10.2764
2020-09-21,10.2764
2020-09-22,10.2764
2020-09-23,10.2764
2020-09-24,10.2764
2020-09-25,10.2764
2020-09-26,10.2764
2020-09-27,10.2764
2020-09-28,10.2764
2020-09-29,10.2764
2020-09-30,10.2764
2020-10-01,12.8324
2020-10-02,12.8324
2020-10-03,12.8324
2020-10-04,12.8324
2020-10-05,12.8324
2020-10-06,12.8324
2020-10-07,12.8324
2020-10-08,12.8324
2020-10-09,12.8324
2020-10-10,12.8324
2020-10-11,12.8324
2020-10-12,12.8324
2020-10-13,12.8324
2020-10-14,12.8324
2020-10-15,12.8324
2020-10-16,12.8324
2020-10-17,12.8324
2020-10-18,12.8324
2020-10-19,12.8324
2020-10-20,12.8324
2020-10-21,12.8324
2020-10-22,12.8324
2020-10-23,12.8324
2020-10-24,12.8324
2020-10-25,12.8324
2020-10-26,12.8324
2020-10-27,12.8324
2020-10-28,12.8324
2020-10-29,12.8324
2020-10-30,12.8324
2020-10-31,12.8324
2020-11-01,12.7516
2020-11-02,12.7516
2020-11-03,12.7516
2020-11-04,12.7516
2020-11-05,12.7516
2020-11-06,12.7516
2020-11-07,12.7516
2020-11-08,12.7516
2020-11-09,12.7516
2020-11-10,12.7516
2020-11-11,12.7516
2020-11-12,12.7516
2020-11-13,12.7516
2020-11-14,12.7516
2020-11-15,12.7516
2020-11-16,12.7516
2020-11-17,12.7516
2020-11-18,12.7516
2020-11-19,12.7516
2020-11-20,12.7516
2020-11-21,12.7516
2020-11-22,12.7516
2020-11-23,12.7516
2020-11-24,12.7516
2020-11-25,12.7516
2020-11-26,12.7516
2020-11-27,12.7516
2020-11-28,12.7516
2020-11-29,12.7516
2020-11-30,12.7516
2020-12-01,15.5377
2020-12-02,15.5377
2020-12-03,15.5377
2020-12-04,15.5377
2020-12-05,15.5377
2020-12-06,15.5377
2020-12-07,15.5377
2020-12-08,15.5377
2020-12-09,15.5377
2020-12-10,15.5377
2020-12-11,15.5377
2020-12-12,15.5377
2020-12-13,15.5377
2020-12-14,15.5377
2020-12-15,15.5377
2020-12-16,15.5377
2020-12-17,15.5377
2020-12-18,15.5377
2020-12-19,15.5377
2020-12-20,15.5377
2020-12-21,15.5377
2020-12-22,15.5377
2020-12-23,15.5377
2020-12-24,15.5377
2020-12-25,15.5377
2020-12-26,15.5377
2020-12-27,15.5377
2020-12-28,15.5377
2020-12-29,15.5377
2020-12-30,15.5377
2020-12-31,15.5377
2021-01-01,19.4675
2021-01-02,19.4675
2021-01-03,19.4675
2021-01-04,19.4675
2021-01-05,19.4675
2021-01-06,19.4675
2021-01-07,19.4675
2021-01-08,19.4675
2021-01-09,19.4675
2021-01-10,19.4675
2021-01-11,19.4675
2021-01-12,19.4675
2021-01-13,19.4675
2021-01-14,19.4675
2021-01-15,19.4675
2021-01-16,19.4675
2021-01-17,19.4675
2021-01-18,19.4675
2021-01-19,19.4675
2021-01-20,19.4675
2021-01-21,19.4675
2021-01-22,19.4675
2021-01-23,19.4675
2021-01-24,19.4675
2021-01-25,19.4675
2021-01-26,19.4675
2021-01-27,19.4675
2021-01-28,19.4675
2021-01-29,19.4675
2021-01-30,19.4675
2021-01-31,19.4675
2021-02-01,16.4512
2021-02-02,16.4512
2021-02-03,16.4512
2021-02-04,16.4512
2021-02-05,16.4512
2021-02-06,16.4512
2021-02-07,16.4512
2021-02-08,16.4512
2021-02-09,16.4512
2021-02-10,16.4512
2021-02-11,16.4512
2021-02-12,16.4512
2021-02-13,16.4512
2021-02-14,16.4512
2021-02-15,16.4512
2021-02-16,16.4512
2021-02-17,16.4512
2021-02-18,16.4512
2021-02-19,16.4512
2021-02-20,16.4512
2021-02-21,16.4512
2021-02-22,16.4512
2021-02-23,16.4512
2021-02-24,16.4512
2021-02-25,16.4512
2021-02-26,16.4512
2021-02-27,16.4512
2021-02-28,16.4512
2021-03-01,16.5415
2021-03-02,16.5415
2021-03-03,16.5415
2021-03-04,16.5415
2021-03-05,16.5415
2021-03-06,16.5415
2021-03-07,16.5415
2021-03-08,16.5415
2021-03-09,16.5415
2021-03-10,16.5415
2021-03-11,16.5415
2021-03-12,16.5415
2021-03-13,16.5415
2021-03-14,16.5415
2021-03-15,16.5415
2021-03-16,16.5415
2021-03-17,16.5415
2021-03-18,16.5415
2021-03-19,16.5415
2021-03-20,16.5415
2021-03-21,16.5415
2021-03-22,16.5415
2021-03-23,16.5415
2021-03-24,16.5415
2021-03-25,16.5415
2021-03-26,16.5415
2021-03-27,16.5415
2021-03-28,16.5415
2021-03-29,16.5415
2021-03-30,16.5415
2021-03-31,16.5415
2021-04-01,19.4139
2021-04-02,19.4139
2021-04-03,19.4139
2021-04-04,19.4139
2021-04-05,19.4139
2021-04-06,19.4139
2021-04-07,19.4139
2021-04-08,19.4139
2021-04-09,19.4139
2021-04-10,19.4139
2021-04-11,19.4139
2021-04-12,19.4139
2021-04-13,19.4139
2021-04-14,19.4139
2021-04-15,19.4139
2021-04-16,19.4139
2021-04-17,19.4139
2021-04-18,19.4139
2021-04-19,19.4139
2021-04-20,19.4139
2021-04-21,19.4139
2021-04-22,19.4139
2021-04-23,19.4139
2021-04-24,19.4139
2021-04-25,19.4139
2021-04-26,19.4139
2021-04-27,19.4139
2021-04-28,19.4139
2021-04-29,19.4139
2021-04-30,19.4139
2021-05-01,24.0042
2021-05-02,24.0042
2021-05-03,24.0042
2021-05-04,24.0042
2021-05-05,24.0042
2021-05-06,24.0042
2021-05-07,24.0042
2021-05-08,24.0042
2021-05-09,24.0042
2021-05-10,24.0042
2021-05-11,24.0042
2021-05-12,24.0042
2021-05-13,24.0042
2021-05-14,24.0042
2021-05-15,24.0042
2021-05-16,24.0042
2021-05-17,24.0042
2021-05-18,24.0042
2021-05-19,24.0042
2021-05-20,24.0042
2021-05-21,24.0042
2021-05-22,24.0042
2021-05-23,24.0042
2021-05-24,24.0042
2021-05-25,24.0042
2021-05-26,24.0042
2021-05-27,24.0042
2021-05-28,24.0042
2021-05-29,24.0042
2021-05-30,24.0042
2021-05-31,24.0042
2021-06-01,27.5215
2021-06-02,27.5215
2021-06-03,27.5215
2021-06-04,27.5215
2021-06-05,27.5215
2021-06-06,27.5215
2021-06-07,27.5215
2021-06-08,27.5215
2021-06-09,27.5215
2021-06-10,27.5215
2021-06-11,27.5215
2021-06-12,27.5215
2021-06-13,27.5215
2021-06-14,27.5215
2021-06-15,27.5215
2021-06-16,27.5215
2021-06-17,27.5215
2021-06-18,27.5215
2021-06-19,27.5215
2021-06-20,27.5215
2021-06-21,27.5215
2021-06-22,27.5215
2021-06-23,27.5215
2021-06-24,27.5215
2021-06-25,27.5215
2021-06-26,27.5215
2021-06-27,27.5215
2021-06-28,27.5215
2021-06-29,27.5215
2021-06-30,27.5215
2021-07-01,33.3865
2021-07-02,33.3865
2021-07-03,33.3865
2021-07-04,33.3865
2021-07-05,33.3865
2021-07-06,33.3865
2021-07-07,33.3865
2021-07-08,33.3865
2021-07-09,33.3865
2021-07-10,33.3865
2021-07-11,33.3865
2021-07-12,33.3865
2021-07-13,33.3865
2021-07-14,33.3865
2021-07-15,33.3865
2021-07-16,33.3865
2021-07-17,33.3865
2021-07-18,33.3865
2021-07-19,33.3865
2021-07-20,33.3865
2021-07-21,33.3865
2021-07-22,33.3865
2021-07-23,33.3865
2021-07-24,33.3865
2021-07-25,33.3865
2021-07-26,33.3865
2021-07-27,33.3865
2021-07-28,33.3865
2021-07-29,33.3865
2021-07-30,33.3865
2021-07-31,33.3865
2021-08-01,40.73
2021-08-02,40.73
2021-08-03,40.73
2021-08-04,40.73
2021-08-05,40.73
2021-08-06,40.73
2021-08-07,40.73
2021-08-08,40.73
2021-08-09,40.73
2021-08-10,40.73
2021-08-11,40.73
2021-08-12,40.73
2021-08-13,40.73
2021-08-14,40.73
2021-08-15,40.73
2021-08-16,40.73
2021-08-17,40.73
2021-08-18,40.73
2021-08-19,40.73
2021-08-20,40.73
2021-08-21,40.73
2021-08-22,40.73
2021-08-23,40.73
2021-08-24,40.73
2021-08-25,40.73
2021-08-26,40.73
2021-08-27,40.73
2021-08-28,40.73
2021-08-29,40.73
2021-08-30,40.73
2021-08-31,40.73
2021-09-01,59.2671
2021-09-02,59.2671
2021-09-03,59.2671
2021-09-04,59.2671
2021-09-05,59.2671
2021-09-06,59.2671
2021-09-07,59.2671
2021-09-08,59.2671
2021-09-09,59.2671
2021-09-10,59.2671
2021-09-11,59.2671
2021-09-12,59.2671
2021-09-13,59.2671
2021-09-14,59.2671
2021-09-15,59.2671
2021-09-16,59.2671
2021-09-17,59.2671
2021-09-18,59.2671
2021-09-19,59.2671
2021-09-20,59.2671
2021-09-21,59.2671
2021-09-22,59.2671
2021-09-23,59.2671
2021-09-24,59.2671
2021-09-25,59.2671
2021-09-26,59.2671
2021-09-27,59.2671
2021-09-28,59.2671
2021-09-29,59.2671
2021-09-30,59.2671
2021-10-01,79.4769
2021-10-02,79.4769
2021-10-03,79.4769
2021-10-04,79.4769
2021-10-05,79.4769
2021-10-06,79.4769
2021-10-07,79.4769
2021-10-08,79.4769
2021-10-09,79.4769
2021-10-10,79.4769
2021-10-11,79.4769
2021-10-12,79.4769
2021-10-13,79.4769
2021-10-14,79.4769
2021-10-15,79.4769
2021-10-16,79.4769
2021-10-17,79.4769
2021-10-18,79.4769
2021-10-19,79.4769
2021-10-20,79.4769
2021-10-21,79.4769
2021-10-22,79.4769
2021-10-23,79.4769
2021-10-24,79.4769
2021-10-25,79.4769
2021-10-26,79.4769
2021-10-27,79.4769
2021-10-28,79.4769
2021-10-29,79.4769
2021-10-30,79.4769
2021-10-31,79.4769
2021-11-01,72.9983
2021-11-02,72.9983
2021-11-03,72.9983
2021-11-04,72.9983
2021-11-05,72.9983
2021-11-06,72.9983
2021-11-07,72.9983
2021-11-08,72.9983
2021-11-09,72.9983
2021-11-10,72.9983
2021-11-11,72.9983
2021-11-12,72.9983
2021-11-13,72.9983
2021-11-14,72.9983
2021-11-15,72.9983
2021-11-16,72.9983
2021-11-17,72.9983
2021-11-18,72.9983
2021-11-19,72.9983
2021-11-20,72.9983
2021-11-21,72.9983
2021-11-22,72.9983
2021-11-23,72.9983
2021-11-24,72.9983
2021-11-25,72.9983
2021-11-26,72.9983
2021-11-27,72.9983
2021-11-28,72.9983
2021-11-29,72.9983
2021-11-30,72.9983
2021-12-01,99.6012
2021-12-02,99.6012
2021-12-03,99.6012
2021-12-04,99.6012
2021-12-05,99.6012
2021-12-06,99.6012
2021-12-07,99.6012
2021-12-08,99.6012
2021-12-09,99.6012
2021-12-10,99.6012
2021-12-11,99.6012
2021-12-12,99.6012
2021-12-13,99.6012
2021-12-14,99.6012
2021-12-15,99.6012
2021-12-16,99.6012
2021-12-17,99.6012
2021-12-18,99.6012
2021-12-19,99.6012
2021-12-20,99.6012
2021-12-21,99.6012
2021-12-22,99.6012
2021-12-23,99.6012
2021-12-24,99.6012
2021-12-25,99.6012
2021-12-26,99.6012
2021-12-27,99.6012
2021-12-28,99.6012
2021-12-29,99.6012
2021-12-30,99.6012
2021-12-31,99.6012
2022-01-01,74.3502
2022-01-02,74.3502
2022-01-03,74.3502
2022-01-04,74.3502
2022-01-05,74.3502
2022-01-06,74.3502
2022-01-07,74.3502
2022-01-08,74.3502
2022-01-09,74.3502
2022-01-10,74.3502
2022-01-11,74.3502
2022-01-12,74.3502
2022-01-13,74.3502
2022-01-14,74.3502
2022-01-15,74.3502
2022-01-16,74.3502
2022-01-17,74.3502
2022-01-18,74.3502
2022-01-19,74.3502
2022-01-20,74.3502
2022-01-21,74.3502
2022-01-22,74.3502
2022-01-23,74.3502
2022-01-24,74.3502
2022-01-25,74.3502
2022-01-26,74.3502
2022-01-27,74.3502
2022-01-28,74.3502
2022-01-29,74.3502
2022-01-30,74.3502
2022-01-31,74.3502
2022-02-01,71.9332
2022-02-02,71.9332
2022-02-03,71.9332
2022-02-04,71.9332
2022-02-05,71.9332
2022-02-06,71.9332
2022-02-07,71.9332
2022-02-08,71.9332
2022-02-09,71.9332
2022-02-10,71.9332
2022-02-11,71.9332
2022-02-12,71.9332
2022-02-13,71.9332
2022-02-14,71.9332
2022-02-15,71.9332
2022-02-16,71.9332
2022-02-17,71.9332
2022-02-18,71.9332
2022-02-19,71.9332
2022-02-20,71.9332
2022-02-21,71.9332
2022-02-22,71.9332
2022-02-23,71.9332
2022-02-24,71.9332
2022-02-25,71.9332
2022-02-26,71.9332
2022-02-27,71.9332
2022-02-28,71.9332
2022-03-01,111.2354
2022-03-02,111.2354
2022-03-03,111.2354
2022-03-04,111.2354
2022-03-05,111.2354
2022-03-06,111.2354
2022-03-07,111.2354
2022-03-08,111.2354
2022-03-09,111.2354
2022-03-10,111.2354
2022-03-11,111.2354
2022-03-12,111.2354
2022-03-13,111.2354
2022-03-14,111.2354
2022-03-15,111.2354
2022-03-16,111.2354
2022-03-17,111.2354
2022-03-18,111.2354
2022-03-19,111.2354
2022-03-20,111.2354
2022-03-21,111.2354
2022-03-22,111.2354
2022-03-23,111.2354
2022-03-24,111.2354
2022-03-25,111.2354
2022-03-26,111.2354
2022-03-27,111.2354
2022-03-28,111.2354
2022-03-29,111.2354
2022-03-30,111.2354
2022-03-31,111.2354
2022-04-01,85.2769
2022-04-02,85.2769
2022-04-03,85.2769
2022-04-04,85.2769
2022-04-05,85.2769
2022-04-06,85.2769
2022-04-07,85.2769
2022-04-08,85.2769
2022-04-09,85.2769
2022-04-10,85.2769
2022-04-11,85.2769
2022-04-12,85.2769
2022-04-13,85.2769
2022-04-14,85.2769
2022-04-15,85.2769
2022-04-16,85.2769
2022-04-17,85.2769
2022-04-18,85.2769
2022-04-19,85.2769
2022-04-20,85.2769
2022-04-21,85.2769
2022-04-22,85.2769
2022-04-23,85.2769
2022-04-24,85.2769
2022-04-25,85.2769
2022-04-26,85.2769
2022-04-27,85.2769
2022-04-28,85.2769
2022-04-29,85.2769
2022-04-30,85.2769
2022-05-01,73.2125
2022-05-02,73.2125
2022-05-03,73.2125
2022-05-04,73.2125
2022-05-05,73.2125
2022-05-06,73.2125
2022-05-07,73.2125
2022-05-08,73.2125
2022-05-09,73.2125
2022-05-10,73.2125
2022-05-11,73.2125
2022-05-12,73.2125
2022-05-13,73.2125
2022-05-14,73.2125
2022-05-15,73.2125
2022-05-16,73.2125
2022-05-17,73.2125
2022-05-18,73.2125
2022-05-19,73.2125
2022-05-20,73.2125
2022-05-21,73.2125
2022-05-22,73.2125
2022-05-23,73.2125
2022-05-24,73.2125
2022-05-25,73.2125
2022-05-26,73.2125
2022-05-27,73.2125
2022-05-28,73.2125
2022-05-29,73.2125
2022-05-30,73.2125
2022-05-31,73.2125
2022-06-01,87.7366
2022-06-02,87.7366
2022-06-03,87.7366
2022-06-04,87.7366
2022-06-05,87.7366
2022-06-06,87.7366
2022-06-07,87.7366
2022-06-08,87.7366
2022-06-09,87.7366
2022-06-10,87.7366
2022-06-11,87.7366
2022-06-12,87.7366
2022-06-13,87.7366
2022-06-14,87.7366
2022-06-15,87.7366
2022-06-16,87.7366
2022-06-17,87.7366
2022-06-18,87.7366
2022-06-19,87.7366
2022-06-20,87.7366
2022-06-21,87.7366
2022-06-22,87.7366
2022-06-23,87.7366
2022-06-24,87.7366
2022-06-25,87.7366
2022-06-26,87.7366
2022-06-27,87.7366
2022-06-28,87.7366
2022-06-29,87.7366
2022-06-30,87.7366
2022-07-01,136.342
2022-07-02,136.342
2022-07-03,136.342
2022-07-04,136.342
2022-07-05,136.342
2022-07-06,136.342
2022-07-07,136.342
2022-07-08,136.342
2022-07-09,136.342
2022-07-10,136.342
2022-07-11,136.342
2022-07-12,136.342
2022-07-13,136.342
2022-07-14,136.342
2022-07-15,136.342
2022-07-16,136.342
2022-07-17,136.342
2022-07-18,136.342
2022-07-19,136.342
2022-07-20,136.342
2022-07-21,136.342
2022-07-22,136.342
2022-07-23,136.342
2022-07-24,136.342
2022-07-25,136.342
2022-07-26,136.342
2022-07-27,136.342
2022-07-28,136.342
2022-07-29,136.342
2022-07-30,136.342
2022-07-31,136.342
2022-08-01,186.5415
2022-08-02,186.5415
2022-08-03,186.5415
2022-08-04,186.5415
2022-08-05,186.5415
2022-08-06,186.5415
2022-08-07,186.5415
2022-08-08,186.5415
2022-08-09,186.5415
2022-08-10,186.5415
2022-08-11,186.5415
2022-08-12,186.5415
2022-08-13,186.5415
2022-08-14,186.5415
2022-08-15,186.5415
2022-08-16,186.5415
2022-08-17,186.5415
2022-08-18,186.5415
2022-08-19,186.5415
2022-08-20,186.5415
2022-08-21,186.5415
2022-08-22,186.5415
2022-08-23,186.5415
2022-08-24,186.5415
2022-08-25,186.5415
2022-08-26,186.5415
2022-08-27,186.5415
2022-08-28,186.5415
2022-08-29,186.5415
2022-08-30,186.5415
2022-08-31,186.5415
2022-09-01,147.0935
2022-09-02,147.0935
2022-09-03,147.0935
2022-09-04,147.0935
2022-09-05,147.0935
2022-09-06,147.0935
2022-09-07,147.0935
2022-09-08,147.0935
2022-09-09,147.0935
2022-09-10,147.0935
2022-09-11,147.0935
2022-09-12,147.0935
2022-09-13,147.0935
2022-09-14,147.0935
2022-09-15,147.0935
2022-09-16,147.0935
2022-09-17,147.0935
2022-09-18,147.0935
2022-09-19,147.0935
2022-09-20,147.0935
2022-09-21,147.0935
2022-09-22,147.0935
2022-09-23,147.0935
2022-09-24,147.0935
2022-09-25,147.0935
2022-09-26,147.0935
2022-09-27,147.0935
2022-09-28,147.0935
2022-09-29,147.0935
2022-09-30,147.0935
2022-10-01,55.4652
2022-10-02,55.4652
2022-10-03,55.4652
2022-10-04,55.4652
2022-10-05,55.4652
2022-10-06,55.4652
2022-10-07,55.4652
2022-10-08,55.4652
2022-10-09,55.4652
2022-10-10,55.4652
2022-10-11,55.4652
2022-10-12,55.4652
2022-10-13,55.4652
2022-10-14,55.4652
2022-10-15,55.4652
2022-10-16,55.4652
2022-10-17,55.4652
2022-10-18,55.4652
2022-10-19,55.4652
2022-10-20,55.4652
2022-10-21,55.4652
2022-10-22,55.4652
2022-10-23,55.4652
2022-10-24,55.4652
2022-10-25,55.4652
2022-10-26,55.4652
2022-10-27,55.4652
2022-10-28,55.4652
2022-10-29,55.4652
2022-10-30,55.4652
2022-10-31,55.4652
2022-11-01,76.749
2022-11-02,76.749
2022-11-03,76.749
2022-11-04,76.749
2022-11-05,76.749
2022-11-06,76.749
2022-11-07,76.749
2022-11-08,76.749
2022-11-09,76.749
2022-11-10,76.749
2022-11-11,76.749
2022-11-12,76.749
2022-11-13,76.749
2022-11-14,76.749
2022-11-15,76.749
2022-11-16,76.749
2022-11-17,76.749
2022-11-18,76.749
2022-11-19,76.749
2022-11-20,76.749
2022-11-21,76.749
2022-11-22,76.749
2022-11-23,76.749
2022-11-24,76.749
2022-11-25,76.749
2022-11-26,76.749
2022-11-27,76.749
2022-11-28,76.749
2022-11-29,76.749
2022-11-30,76.749
2022-12-01,94.284
2022-12-02,94.284
2022-12-03,94.284
2022-12-04,94.284
2022-12-05,94.284
2022-12-06,94.284
2022-12-07,94.284
2022-12-08,94.284
2022-12-09,94.284
2022-12-10,94.284
2022-12-11,94.284
2022-12-12,94.284
2022-12-13,94.284
2022-12-14,94.284
2022-12-15,94.284
2022-12-16,94.284
2022-12-17,94.284
2022-12-18,94.284
2022-12-19,94.284
2022-12-20,94.284
2022-12-21,94.284
2022-12-22,94.284
2022-12-23,94.284
2022-12-24,94.284
2022-12-25,94.284
2022-12-26,94.284
2022-12-27,94.284
2022-12-28,94.284
2022-12-29,94.284
2022-12-30,94.284
2022-12-31,94.284
2023-01-01,53.0115
2023-01-02,53.0115
2023-01-03,53.0115
2023-01-04,53.0115
2023-01-05,53.0115
2023-01-06,53.0115
2023-01-07,53.0115
2023-01-08,53.0115
2023-01-09,53.0115
2023-01-10,53.0115
2023-01-11,53.0115
2023-01-12,53.0115
2023-01-13,53.0115
2023-01-14,53.0115
2023-01-15,53.0115
2023-01-16,53.0115
2023-01-17,53.0115
2023-01-18,53.0115
2023-01-19,53.0115
2023-01-20,53.0115
2023-01-21,53.0115
2023-01-22,53.0115
2023-01-23,53.0115
2023-01-24,53.0115
2023-01-25,53.0115
2023-01-26,53.0115
2023-01-27,53.0115
2023-01-28,53.0115
2023-01-29,53.0115
2023-01-30,53.0115
2023-01-31,53.0115
2023-02-01,44.6173
2023-02-02,44.6173
2023-02-03,44.6173
2023-02-04,44.6173
2023-02-05,44.6173
2023-02-06,44.6173
2023-02-07,44.6173
2023-02-08,44.6173
2023-02-09,44.6173
2023-02-10,44.6173
2023-02-11,44.6173
2023-02-12,44.6173
2023-02-13,44.6173
2023-02-14,44.6173
2023-02-15,44.6173
2023-02-16,44.6173
2023-02-17,44.6173
2023-02-18,44.6173
2023-02-19,44.6173
2023-02-20,44.6173
2023-02-21,44.6173
2023-02-22,44.6173
2023-02-23,44.6173
2023-02-24,44.6173
2023-02-25,44.6173
2023-02-26,44.6173
2023-02-27,44.6173
2023-02-28,44.6173
2023-03-01,36.9751
2023-03-02,36.9751
2023-03-03,36.9751
2023-03-04,36.9751
2023-03-05,36.9751
2023-03-06,36.9751
2023-03-07,36.9751
2023-03-08,36.9751
2023-03-09,36.9751
2023-03-10,36.9751
2023-03-11,36.9751
2023-03-12,36.9751
2023-03-13,36.9751
2023-03-14,36.9751
2023-03-15,36.9751
2023-03-16,36.9751
2023-03-17,36.9751
2023-03-18,36.9751
2023-03-19,36.9751
2023-03-20,36.9751
2023-03-21,36.9751
2023-03-22,36.9751
2023-03-23,36.9751
2023-03-24,36.9751
2023-03-25,36.9751
2023-03-26,36.9751
2023-03-27,36.9751
2023-03-28,36.9751
2023-03-29,36.9751
2023-03-30,36.9751
2023-03-31,36.9751
2023-04-01,36.478
2023-04-02,36.478
2023-04-03,36.478
2023-04-04,36.478
2023-04-05,36.478
2023-04-06,36.478
2023-04-07,36.478
2023-04-08,36.478
2023-04-09,36.478
2023-04-10,36.478
2023-04-11,36.478
2023-04-12,36.478
2023-04-13,36.478
2023-04-14,36.478
2023-04-15,36.478
2023-04-16,36.478
2023-04-17,36.478
2023-04-18,36.478
2023-04-19,36.478
2023-04-20,36.478
2023-04-21,36.478
2023-04-22,36.478
2023-04-23,36.478
2023-04-24,36.478
2023-04-25,36.478
2023-04-26,36.478
2023-04-27,36.478
2023-04-28,36.478
2023-04-29,36.478
2023-04-30,36.478
2023-05-01,26.5776
2023-05-02,26.5776
2023-05-03,26.5776
2023-05-04,26.5776
2023-05-05,26.5776
2023-05-06,26.5776
2023-05-07,26.5776
2023-05-08,26.5776
2023-05-09,26.5776
2023-05-10,26.5776
2023-05-11,26.5776
2023-05-12,26.5776
2023-05-13,26.5776
2023-05-14,26.5776
2023-05-15,26.5776
2023-05-16,26.5776
2023-05-17,26.5776
2023-05-18,26.5776
2023-05-19,26.5776
2023-05-20,26.5776
2023-05-21,26.5776
2023-05-22,26.5776
2023-05-23,26.5776
2023-05-24,26.5776
2023-05-25,26.5776
2023-05-26,26.5776
2023-05-27,26.5776
2023-05-28,26.5776
2023-05-29,26.5776
2023-05-30,26.5776
2023-05-31,26.5776
2023-06-01,27.4405
2023-06-02,27.4405
2023-06-03,27.4405
2023-06-04,27.4405
2023-06-05,27.4405
2023-06-06,27.4405
2023-06-07,27.4405
2023-06-08,27.4405
2023-06-09,27.4405
2023-06-10,27.4405
2023-06-11,27.4405
2023-06-12,27.4405
2023-06-13,27.4405
2023-06-14,27.4405
2023-06-15,27.4405
2023-06-16,27.4405
2023-06-17,27.4405
2023-06-18,27.4405
2023-06-19,27.4405
2023-06-20,27.4405
2023-06-21,27.4405
2023-06-22,27.4405
2023-06-23,27.4405
2023-06-24,27.4405
2023-06-25,27.4405
2023-06-26,27.4405
2023-06-27,27.4405
2023-06-28,27.4405
2023-06-29,27.4405
2023-06-30,27.4405
2023-07-01,25.6224
2023-07-02,25.6224
2023-07-03,25.6224
2023-07-04,25.6224
2023-07-05,25.6224
2023-07-06,25.6224
2023-07-07,25.6224
2023-07-08,25.6224
2023-07-09,25.6224
2023-07-10,25.6224
2023-07-11,25.6224
2023-07-12,25.6224
2023-07-13,25.6224
2023-07-14,25.6224
2023-07-15,25.6224
2023-07-16,25.6224
2023-07-17,25.6224
2023-07-18,25.6224
2023-07-19,25.6224
2023-07-20,25.6224
2023-07-21,25.6224
2023-07-22,25.6224
2023-07-23,25.6224
2023-07-24,25.6224
2023-07-25,25.6224
2023-07-26,25.6224
2023-07-27,25.6224
2023-07-28,25.6224
2023-07-29,25.6224
2023-07-30,25.6224
2023-07-31,25.6224
2023-08-01,28.5699
2023-08-02,28.5699
2023-08-03,28.5699
2023-08-04,28.5699
2023-08-05,28.5699
2023-08-06,28.5699
2023-08-07,28.5699
2023-08-08,28.5699
2023-08-09,28.5699
2023-08-10,28.5699
2023-08-11,28.5699
2023-08-12,28.5699
2023-08-13,28.5699
2023-08-14,28.5699
2023-08-15,28.5699
2023-08-16,28.5699
2023-08-17,28.5699
2023-08-18,28.5699
2023-08-19,28.5699
2023-08-20,28.5699
2023-08-21,28.5699
2023-08-22,28.5699
2023-08-23,28.5699
2023-08-24,28.5699
2023-08-25,28.5699
2023-08-26,28.5699
2023-08-27,28.5699
2023-08-28,28.5699
2023-08-29,28.5699
2023-08-30,28.5699
2023-08-31,28.5699
2023-09-01,30.464
2023-09-02,30.464
2023-09-03,30.464
2023-09-04,30.464
2023-09-05,30.464
2023-09-06,30.464
2023-09-07,30.464
2023-09-08,30.464
2023-09-09,30.464
2023-09-10,30.464
2023-09-11,30.464
2023-09-12,30.464
2023-09-13,30.464
2023-09-14,30.464
2023-09-15,30.464
2023-09-16,30.464
2023-09-17,30.464
2023-09-18,30.464
2023-09-19,30.464
2023-09-20,30.464
2023-09-21,30.464
2023-09-22,30.464
2023-09-23,30.464
2023-09-24,30.464
2023-09-25,30.464
2023-09-26,30.464
2023-09-27,30.464
2023-09-28,30.464
2023-09-29,30.464
2023-09-30,30.464
2023-10-01,35.6912
2023-10-02,35.6912
2023-10-03,35.6912
2023-10-04,35.6912
2023-10-05,35.6912
2023-10-06,35.6912
2023-10-07,35.6912
2023-10-08,35.6912
2023-10-09,35.6912
2023-10-10,35.6912
2023-10-11,35.6912
2023-10-12,35.6912
2023-10-13,35.6912
2023-10-14,35.6912
2023-10-15,35.6912
2023-10-16,35.6912
2023-10-17,35.6912
2023-10-18,35.6912
2023-10-19,35.6912
2023-10-20,35.6912
2023-10-21,35.6912
2023-10-22,35.6912
2023-10-23,35.6912
2023-10-24,35.6912
2023-10-25,35.6912
2023-10-26,35.6912
2023-10-27,35.6912
2023-10-28,35.6912
2023-10-29,35.6912
2023-10-30,35.6912
2023-10-31,35.6912
2023-11-01,36.5589
2023-11-02,36.5589
2023-11-03,36.5589
2023-11-04,36.5589
2023-11-05,36.5589
2023-11-06,36.5589
2023-11-07,36.5589
2023-11-08,36.5589
2023-11-09,36.5589
2023-11-10,36.5589
2023-11-11,36.5589
2023-11-12,36.5589
2023-11-13,36.5589
2023-11-14,36.5589
2023-11-15,36.5589
2023-11-16,36.5589
2023-11-17,36.5589
2023-11-18,36.5589
2023-11-19,36.5589
2023-11-20,36.5589
2023-11-21,36.5589
2023-11-22,36.5589
2023-11-23,36.5589
2023-11-24,36.5589
2023-11-25,36.5589
2023-11-26,36.5589
2023-11-27,36.5589
2023-11-28,36.5589
2023-11-29,36.5589
2023-11-30,36.5589
2023-12-01,30.113
2023-12-02,30.113
2023-12-03,30.113
2023-12-04,30.113
2023-12-05,30.113
2023-12-06,30.113
2023-12-07,30.113
2023-12-08,30.113
2023-12-09,30.113
2023-12-10,30.113
2023-12-11,30.113
2023-12-12,30.113
2023-12-13,30.113
2023-12-14,30.113
2023-12-15,30.113
2023-12-16,30.113
2023-12-17,30.113
2023-12-18,30.113
2023-12-19,30.113
2023-12-20,30.113
2023-12-21,30.113
2023-12-22,30.113
2023-12-23,30.113
2023-12-24,30.113
2023-12-25,30.113
2023-12-26,30.113
2023-12-27,30.113
2023-12-28,30.113
2023-12-29,30.113
2023-12-30,30.113
2023-12-31,30.113
2024-01-01,25.4077
2024-01-02,25.4077
2024-01-03,25.4077
2024-01-04,25.4077
2024-01-05,25.4077
2024-01-06,25.4077
2024-01-07,25.4077
2024-01-08,25.4077
2024-01-09,25.4077
2024-01-10,25.4077
2024-01-11,25.4077
2024-01-12,25.4077
2024-01-13,25.4077
2024-01-14,25.4077
2024-01-15,25.4077
2024-01-16,25.4077
2024-01-17,25.4077
2024-01-18,25.4077
2024-01-19,25.4077
2024-01-20,25.4077
2024-01-21,25.4077
2024-01-22,25.4077
2024-01-23,25.4077
2024-01-24,25.4077
2024-01-25,25.4077
2024-01-26,25.4077
2024-01-27,25.4077
2024-01-28,25.4077
2024-01-29,25.4077
2024-01-30,25.4077
2024-01-31,25.4077
2024-02-01,21.5877
2024-02-02,21.5877
2024-02-03,21.5877
2024-02-04,21.5877
2024-02-05,21.5877
2024-02-06,21.5877
2024-02-07,21.5877
2024-02-08,21.5877
2024-02-09,21.5877
2024-02-10,21.5877
2024-02-11,21.5877
2024-02-12,21.5877
2024-02-13,21.5877
2024-02-14,21.5877
2024-02-15,21.5877
2024-02-16,21.5877
2024-02-17,21.5877
2024-02-18,21.5877
2024-02-19,21.5877
2024-02-20,21.5877
2024-02-21,21.5877
2024-02-22,21.5877
2024-02-23,21.5877
2024-02-24,21.5877
2024-02-25,21.5877
2024-02-26,21.5877
2024-02-27,21.5877
2024-02-28,21.5877
2024-02-29,21.5877
2024-03-01,22.6883
2024-03-02,22.6883
2024-03-03,22.6883
2024-03-04,22.6883
2024-03-05,22.6883
2024-03-06,22.6883
2024-03-07,22.6883
2024-03-08,22.6883
2024-03-09,22.6883
2024-03-10,22.6883
2024-03-11,22.6883
2024-03-12,22.6883
2024-03-13,22.6883
2024-03-14,22.6883
2024-03-15,22.6883
2024-03-16,22.6883
2024-03-17,22.6883
2024-03-18,22.6883
2024-03-19,22.6883
2024-03-20,22.6883
2024-03-21,22.6883
2024-03-22,22.6883
2024-03-23,22.6883
2024-03-24,22.6883
2024-03-25,22.6883
2024-03-26,22.6883
2024-03-27,22.6883
2024-03-28,22.6883
2024-03-29,22.6883
2024-03-30,22.6883
2024-03-31,22.6883
2024-04-01,24.3371
2024-04-02,24.3371
2024-04-03,24.3371
2024-04-04,24.3371
2024-04-05,24.3371
2024-04-06,24.3371
2024-04-07,24.3371
2024-04-08,24.3371
2024-04-09,24.3371
2024-04-10,24.3371
2024-04-11,24.3371
2024-04-12,24.3371
2024-04-13,24.3371
2024-04-14,24.3371
2024-04-15,24.3371
2024-04-16,24.3371
2024-04-17,24.3371
2024-04-18,24.3371
2024-04-19,24.3371
2024-04-20,24.3371
2024-04-21,24.3371
2024-04-22,24.3371
2024-04-23,24.3371
2024-04-24,24.3371
2024-04-25,24.3371
2024-04-26,24.3371
2024-04-27,24.3371
2024-04-28,24.3371
2024-04-29,24.3371
2024-04-30,24.3371
2024-05-01,26.9497
2024-05-02,26.9497
2024-05-03,26.9497
2024-05-04,26.9497
2024-05-05,26.9497
2024-05-06,26.9497
2024-05-07,26.9497
2024-05-08,26.9497
2024-05-09,26.9497
2024-05-10,26.9497
2024-05-11,26.9497
2024-05-12,26.9497
2024-05-13,26.9497
2024-05-14,26.9497
2024-05-15,26.9497
2024-05-16,26.9497
2024-05-17,26.9497
2024-05-18,26.9497
2024-05-19,26.9497
2024-05-20,26.9497
2024-05-21,26.9497
2024-05-22,26.9497
2024-05-23,26.9497
2024-05-24,26.9497
2024-05-25,26.9497
2024-05-26,26.9497
2024-05-27,26.9497
2024-05-28,26.9497
2024-05-29,26.9497
2024-05-30,26.9497
2024-05-31,26.9497
2024-06-01,28.8077
2024-06-02,28.8077
2024-06-03,28.8077
2024-06-04,28.8077
2024-06-05,28.8077
2024-06-06,28.8077
2024-06-07,28.8077
2024-06-08,28.8077
2024-06-09,28.8077
2024-06-10,28.8077
2024-06-11,28.8077
2024-06-12,28.8077
2024-06-13,28.8077
2024-06-14,28.8077
2024-06-15,28.8077
2024-06-16,28.8077
2024-06-17,28.8077
2024-06-18,28.8077
2024-06-19,28.8077
2024-06-20,28.8077
2024-06-21,28.8077
2024-06-22,28.8077
2024-06-23,28.8077
2024-06-24,28.8077
2024-06-25,28.8077
2024-06-26,28.8077
2024-06-27,28.8077
2024-06-28,28.8077
2024-06-29,28.8077
2024-06-30,28.8077
2024-07-01,27.2967
2024-07-02,27.2967
2024-07-03,27.2967
2024-07-04,27.2967
2024-07-05,27.2967
2024-07-06,27.2967
2024-07-07,27.2967
2024-07-08,27.2967
2024-07-09,27.2967
2024-07-10,27.2967
2024-07-11,27.2967
2024-07-12,27.2967
2024-07-13,27.2967
2024-07-14,27.2967
2024-07-15,27.2967
2024-07-16,27.2967
2024-07-17,27.2967
2024-07-18,27.2967
2024-07-19,27.2967
2024-07-20,27.2967
2024-07-21,27.2967
2024-07-22,27.2967
2024-07-23,27.2967
2024-07-24,27.2967
2024-07-25,27.2967
2024-07-26,27.2967
2024-07-27,27.2967
2024-07-28,27.2967
2024-07-29,27.2967
2024-07-30,27.2967
2024-07-31,27.2967
2024-08-01,32.5057
2024-08-02,32.5057
2024-08-03,32.5057
2024-08-04,32.5057
2024-08-05,32.5057
2024-08-06,32.5057
2024-08-07,32.5057
2024-08-08,32.5057
2024-08-09,32.5057
2024-08-10,32.5057
2024-08-11,32.5057
2024-08-12,32.5057
2024-08-13,32.5057
2024-08-14,32.5057
2024-08-15,32.5057
2024-08-16,32.5057
2024-08-17,32.5057
2024-08-18,32.5057
2024-08-19,32.5057
2024-08-20,32.5057
2024-08-21,32.5057
2024-08-22,32.5057
2024-08-23,32.5057
2024-08-24,32.5057
2024-08-25,32.5057
2024-08-26,32.5057
2024-08-27,32.5057
2024-08-28,32.5057
2024-08-29,32.5057
2024-08-30,32.5057
2024-08-31,32.5057
2024-09-01,31.3247
2024-09-02,31.3247
2024-09-03,31.3247
2024-09-04,31.3247
2024-09-05,31.3247
2024-09-06,31.3247
2024-09-07,31.3247
2024-09-08,31.3247
2024-09-09,31.3247
2024-09-10,31.3247
2024-09-11,31.3247
2024-09-12,31.3247
2024-09-13,31.3247
2024-09-14,31.3247
2024-09-15,31.3247
2024-09-16,31.3247
2024-09-17,31.3247
2024-09-18,31.3247
2024-09-19,31.3247
2024-09-20,31.3247
2024-09-21,31.3247
2024-09-22,31.3247
2024-09-23,31.3247
2024-09-24,31.3247
2024-09-25,31.3247
2024-09-26,31.3247
2024-09-27,31.3247
2024-09-28,31.3247
2024-09-29,31.3247
2024-09-30,31.3247
2024-10-01,34.0016
2024-10-02,34.0016
2024-10-03,34.0016
2024-10-04,34.0016
2024-10-05,34.0016
2024-10-06,34.0016
2024-10-07,34.0016
2024-10-08,34.0016
2024-10-09,34.0016
2024-10-10,34.0016
2024-10-11,34.0016
2024-10-12,34.0016
2024-10-13,34.0016
2024-10-14,34.0016
2024-10-15,34.0016
2024-10-16,34.0016
2024-10-17,34.0016
2024-10-18,34.0016
2024-10-19,34.0016
2024-10-20,34.0016
2024-10-21,34.0016
2024-10-22,34.0016
2024-10-23,34.0016
2024-10-24,34.0016
2024-10-25,34.0016
2024-10-26,34.0016
2024-10-27,34.0016
2024-10-28,34.0016
2024-10-29,34.0016
2024-10-30,34.0016
2024-10-31,34.0016
2024-11-01,36.8166
2024-11-02,36.8166
2024-11-03,36.8166
2024-11-04,36.8166
2024-11-05,36.8166
2024-11-06,36.8166
2024-11-07,36.8166
2024-11-08,36.8166
2024-11-09,36.8166
2024-11-10,36.8166
2024-11-11,36.8166
2024-11-12,36.8166
2024-11-13,36.8166
2024-11-14,36.8166
2024-11-15,36.8166
2024-11-16,36.8166
2024-11-17,36.8166
2024-11-18,36.8166
2024-11-19,36.8166
2024-11-20,36.8166
2024-11-21,36.8166
2024-11-22,36.8166
2024-11-23,36.8166
2024-11-24,36.8166
2024-11-25,36.8166
2024-11-26,36.8166
2024-11-27,36.8166
2024-11-28,36.8166
2024-11-29,36.8166
2024-11-30,36.8166
2024-12-01,36.6727
2024-12-02,36.6727
2024-12-03,36.6727
2024-12-04,36.6727
2024-12-05,36.6727
2024-12-06,36.6727
2024-12-07,36.6727
2024-12-08,36.6727
2024-12-09,36.6727
2024-12-10,36.6727
2024-12-11,36.6727
2024-12-12,36.6727
2024-12-13,36.6727
2024-12-14,36.6727
2024-12-15,36.6727
2024-12-16,36.6727
2024-12-17,36.6727
2024-12-18,36.6727
2024-12-19,36.6727
2024-12-20,36.6727
2024-12-21,36.6727
2024-12-22,36.6727
2024-12-23,36.6727
2024-12-24,36.6727
2024-12-25,36.6727
2024-12-26,36.6727
2024-12-27,36.6727
2024-12-28,36.6727
2024-12-29,36.6727
2024-12-30,36.6727
2024-12-31,36.6727
2025-01-01,39.344
2025-01-02,39.344
2025-01-03,39.344
2025-01-04,39.344
2025-01-05,39.344
2025-01-06,39.344
2025-01-07,39.344
2025-01-08,39.344
2025-01-09,39.344
2025-01-10,39.344
2025-01-11,39.344
2025-01-12,39.344
2025-01-13,39.344
2025-01-14,39.344
2025-01-15,39.344
2025-01-16,39.344
2025-01-17,39.344
2025-01-18,39.344
2025-01-19,39.344
2025-01-20,39.344
2025-01-21,39.344
2025-01-22,39.344
2025-01-23,39.344
2025-01-24,39.344
2025-01-25,39.344
2025-01-26,39.344
2025-01-27,39.344
2025-01-28,39.344
2025-01-29,39.344
2025-01-30,39.344
2025-01-31,39.344
2025-02-01,40.9895
2025-02-02,40.9895
2025-02-03,40.9895
2025-02-04,40.9895
2025-02-05,40.9895
2025-02-06,40.9895
2025-02-07,40.9895
2025-02-08,40.9895
2025-02-09,40.9895
2025-02-10,40.9895
2025-02-11,40.9895
2025-02-12,40.9895
2025-02-13,40.9895
2025-02-14,40.9895
2025-02-15,40.9895
2025-02-16,40.9895
2025-02-17,40.9895
2025-02-18,40.9895
2025-02-19,40.9895
2025-02-20,40.9895
2025-02-21,40.9895
2025-02-22,40.9895
2025-02-23,40.9895
2025-02-24,40.9895
2025-02-25,40.9895
2025-02-26,40.9895
2025-02-27,40.9895
2025-02-28,40.9895
2025-03-01,35.0706
2025-03-02,35.0706
2025-03-03,35.0706
2025-03-04,35.0706
2025-03-05,35.0706
2025-03-06,35.0706
2025-03-07,35.0706
2025-03-08,35.0706
2025-03-09,35.0706
2025-03-10,35.0706
2025-03-11,35.0706
2025-03-12,35.0706
2025-03-13,35.0706
2025-03-14,35.0706
2025-03-15,35.0706
2025-03-16,35.0706
2025-03-17,35.0706
2025-03-18,35.0706
2025-03-19,35.0706
2025-03-20,35.0706
2025-03-21,35.0706
2025-03-22,35.0706
2025-03-23,35.0706
2025-03-24,35.0706
2025-03-25,35.0706
2025-03-26,35.0706
2025-03-27,35.0706
2025-03-28,35.0706
2025-03-29,35.0706
2025-03-30,35.0706
2025-03-31,35.0706
2025-04-01,30.8479
2025-04-02,30.8479
2025-04-03,30.8479
2025-04-04,30.8479
2025-04-05,30.8479
2025-04-06,30.8479
2025-04-07,30.8479
2025-04-08,30.8479
2025-04-09,30.8479
2025-04-10,30.8479
2025-04-11,30.8479
2025-04-12,30.8479
2025-04-13,30.8479
2025-04-14,30.8479
2025-04-15,30.8479
2025-04-16,30.8479
2025-04-17,30.8479
2025-04-18,30.8479
2025-04-19,30.8479
2025-04-20,30.8479
2025-04-21,30.8479
2025-04-22,30.8479
2025-04-23,30.8479
2025-04-24,30.8479
2025-04-25,30.8479
2025-04-26,30.8479
2025-04-27,30.8479
2025-04-28,30.8479
2025-04-29,30.8479
2025-04-30,30.8479
2025-05-01,30.9861
2025-05-02,30.9861
2025-05-03,30.9861
2025-05-04,30.9861
2025-05-05,30.9861
2025-05-06,30.9861
2025-05-07,30.9861
2025-05-08,30.9861
2025-05-09,30.9861
2025-05-10,30.9861
2025-05-11,30.9861
2025-05-12,30.9861
2025-05-13,30.9861
2025-05-14,30.9861
2025-05-15,30.9861
2025-05-16,30.9861
2025-05-17,30.9861
2025-05-18,30.9861
2025-05-19,30.9861
2025-05-20,30.9861
2025-05-21,30.9861
2025-05-22,30.9861
2025-05-23,30.9861
2025-05-24,30.9861
2025-05-25,30.9861
2025-05-26,30.9861
2025-05-27,30.9861
2025-05-28,30.9861
2025-05-29,30.9861
2025-05-30,30.9861
2025-05-31,30.9861
2025-06-01,32.7902
2025-06-02,32.7902
2025-06-03,32.7902
2025-06-04,32.7902
2025-06-05,32.7902
2025-06-06,32.7902
2025-06-07,32.7902
