week_start,price_pence_per_therm
2021-02-01,48.29
2021-02-08,48.95
2021-02-15,47.16
2021-02-22,46.17
2021-03-01,46.42
2021-03-08,46.65
2021-03-15,46.76
2021-03-22,47.72
2021-03-29,51.05
2021-04-05,52.55
2021-04-12,53.99
2021-04-19,52.37
2021-04-26,57.1
2021-05-03,62.48
2021-05-10,65.91
2021-05-17,60.86
2021-05-24,61.75
2021-05-31,61.45
2021-06-07,68.47
2021-06-14,70.83
2021-06-21,69.28
2021-06-28,74.37
2021-07-05,84.32
2021-07-12,82.43
2021-07-19,74.47
2021-07-26,83.26
2021-08-02,64.39
2021-08-09,74.48
2021-08-16,72.14
2021-08-23,74.25
2021-08-30,76.34
2021-09-06,80.25
2021-09-13,83.53
2021-09-20,91.13
2021-09-27,112.39
2021-10-04,115.03
2021-10-11,106.87
2021-10-18,114.79
2021-10-25,112.52
2021-11-01,105.66
2021-11-08,103.79
2021-11-15,110.76
2021-11-22,111.68
2021-11-29,115.75
2021-12-06,150.25
2021-12-13,189.87
2021-12-20,270.12
2021-12-27,184.57
2022-01-03,208.42
2022-01-10,182.89
2022-01-17,158.11
2022-01-24,210.29
2022-01-31,175.96
2022-02-07,172.34
2022-02-14,161.13
2022-02-21,194.11
2022-02-28,294.5
2022-03-07,314.52
2022-03-14,219.95
2022-03-21,228.58
2022-03-28,230.68
2022-04-04,259.1
2022-04-11,236.71
2022-04-18,226.32
2022-04-25,219.46
2022-05-02,224.21
2022-05-09,220.78
2022-05-16,223.17
2022-05-23,215.44
2022-05-30,228.53
2022-06-06,223.81
2022-06-13,248.15
2022-06-20,264.64
2022-06-27,271.45
2022-07-04,352.22
2022-07-11,399.12
2022-07-18,369.12
2022-07-25,420.86
2022-08-01,341.32
2022-08-08,384.52
2022-08-15,506.6
2022-08-22,592.56
2022-08-29,447.64
2022-09-05,469.27
2022-09-12,437.22
2022-09-19,435.26
2022-09-26,438.45
2022-10-03,431.62
2022-10-10,412.59
2022-10-17,364.52
2022-10-24,340.18
2022-10-31,309.47
2022-11-07,293.52
2022-11-14,287.91
2022-11-21,315.07
2022-11-28,341.01
2022-12-05,347.16
2022-12-12,331.81
2022-12-19,249.92
2022-12-26,217.64
2023-01-02,190.51
2023-01-09,192.46
2023-01-16,170.58
2023-01-23,163.51
2023-01-30,162.22
2023-02-06,154.23
2023-02-13,146.54
2023-02-20,137.5
2023-02-27,135.45
2023-03-06,126.34
2023-03-13,128.24
2023-03-20,122.61
2023-03-27,130.66
2023-04-03,143.86
2023-04-10,134.8
2023-04-17,131.96
2023-04-24,129.6
2023-05-01,123.56
2023-05-08,122.75
2023-05-15,113.15
2023-05-22,117.56
2023-05-29,107.14
2023-06-05,109.26
2023-06-12,137.65
2023-06-19,135.39
2023-06-26,128.11
2023-07-03,130.65
2023-07-10,124.21
2023-07-17,125.1
2023-07-24,128.27
2023-07-31,119.28
2023-08-07,123.32
2023-08-14,134.36
2023-08-21,139.01
2023-08-28,135.06
2023-09-04,133.86
2023-09-11,132.15
2023-09-18,131.07
2023-09-25,128.44
2023-10-02,119.92
2023-10-09,139.9
2023-10-16,140.66
2023-10-23,138.05
2023-10-30,126.88
2023-11-06,124.94
2023-11-13,123.65
2023-11-20,122.75
2023-11-27,110.58
2023-12-04,106.74
2023-12-11,98.02
2023-12-18,89.62
2023-12-25,89.17
2024-01-01,85.12
2024-01-08,80.67
2024-01-15,79.53
2024-01-22,77.86
2024-01-29,80.83
2024-02-05,77.16
2024-02-12,70.66
2024-02-19,70.09
2024-02-26,70.9
2024-03-04,75.88
2024-03-11,70.61
2024-03-18,77.46
2024-03-25,78.33
2024-04-01,74.59
2024-04-08,81.84
2024-04-15,88.68
2024-04-22,85.73
2024-04-29,85.77
2024-05-06,88.53
2024-05-13,88.16
2024-05-20,99.05
2024-05-27,98.85
2024-06-03,96.63
2024-06-10,95.18
2024-06-17,86.35
2024-06-24,97.81
2024-07-01,97.06
2024-07-08,92.49
2024-07-15,93.24
2024-07-22,93.24
2024-07-29,98.94
2024-08-05,103.37
2024-08-12,104.55
2024-08-19,105.38
2024-08-26,103.98
2024-09-02,99.99
2024-09-09,92.91
2024-09-16,92.12
2024-09-23,89.94
2024-09-30,96.25
2024-10-07,96.67
2024-10-14,97.27
2024-10-21,100.79
2024-10-28,99.9
2024-11-04,96.49
2024-11-11,107.58
2024-11-18,100.59
2024-11-25,108.82
2024-12-02,106.82
2024-12-09,90.51
2024-12-16,101.39
2024-12-23,108.85
2024-12-30,116.98
2025-01-06,111.53
2025-01-13,116.26
2025-01-20,117.52
2025-01-27,114.74
2025-02-03,126.35
2025-02-10,128.37
2025-02-17,92.49
2025-02-24,102.45
2025-03-03,99.92
2025-03-10,101.73
2025-03-17,96.04
2025-03-24,104.33
2025-03-31,100.97
2025-04-07,91.9
2025-04-14,88.86
2025-04-21,86.11
2025-04-28,81.61
2025-05-05,88.72
2025-05-12,88.99
2025-05-19,90.32
2025-05-26,92.23
2025-06-02,89.77
2025-06-09,90.87
2025-06-16,97.9
2025-06-23,91.15
2025-06-30,86.51
2025-07-07,90.98
2025-07-14,88.37
2025-07-21,86.08
2025-07-28,90.64
2025-08-04,87.15
2025-08-11,84.54
2025-08-18,83.39
2025-08-25,79.7
2025-09-01,84.14
2025-09-08,85.19
2025-09-15,82.68
2025-09-22,81.34
2025-09-29,82.72
2025-10-06,81.77
2025-10-13,79.27
2025-10-20,78.29
2025-10-27,77.83
2025-11-03,78.92
2025-11-10,77.82
2025-11-17,77.64
2025-11-24,73.26
2025-12-01,69.86
2025-12-08,67.09
2025-12-15,65.95
2025-12-22,65.39
2025-12-29,66.01
2026-01-05,66.7
2026-01-12,68.56
2026-01-19,75.03
2026-01-26,73.03
2026-02-02,75.47
2026-02-09,74.67
2026-02-16,74.62
2026-02-23,78.14
2026-03-02,100.83
2026-03-09,114.02
2026-03-16,138.67
2026-03-23,125.63
2026-03-30,127.82
2026-04-06,107.01
2026-04-13,98.84
2026-04-20,95.5
2026-04-27,112.63
2026-05-04,103.66
2026-05-11,117.02
2026-05-18,113.52
2026-05-25,103.28
2026-06-01,110.19
2026-06-08,113.27
2026-06-15,94.89
2026-06-22,91.46
2026-06-29,101.2
