week_start,price_gbp_per_mwh
2021-02-01,53.08
2021-02-08,55.14
2021-02-15,53.84
2021-02-22,53.68
2021-03-01,54.22
2021-03-08,56.83
2021-03-15,57.58
2021-03-22,58.31
2021-03-29,57.79
2021-04-05,58.67
2021-04-12,60.41
2021-04-19,61.72
2021-04-26,64.47
2021-05-03,67.14
2021-05-10,71.64
2021-05-17,69.25
2021-05-24,70.59
2021-05-31,69.76
2021-06-07,71.97
2021-06-14,71.52
2021-06-21,76.18
2021-06-28,81.1
2021-07-05,80.1
2021-07-12,78.95
2021-07-19,79.48
2021-07-26,82.98
2021-08-02,73.68
2021-08-09,80.26
2021-08-16,81.17
2021-08-23,82
2021-08-30,85.5
2021-09-06,89.32
2021-09-13,92.8
2021-09-20,97.55
2021-09-27,116.96
2021-10-04,117.81
2021-10-11,113.16
2021-10-18,119.12
2021-10-25,112.09
2021-11-01,106.87
2021-11-08,106.28
2021-11-15,113.03
2021-11-22,119.1
2021-11-29,126.16
2021-12-06,154.15
2021-12-13,176.11
2021-12-20,240.58
2021-12-27,175.52
2022-01-03,191.95
2022-01-10,170.01
2022-01-17,159.32
2022-01-24,195.46
2022-01-31,154.81
2022-02-07,160.95
2022-02-14,148.48
2022-02-21,172.14
2022-02-28,213.68
2022-03-07,199.92
2022-03-14,178.34
2022-03-21,179.07
2022-03-28,192.45
2022-04-04,190.82
2022-04-11,195.28
2022-04-18,197.84
2022-04-25,195.12
2022-05-02,197.65
2022-05-09,201.17
2022-05-16,202.84
2022-05-23,198.32
2022-05-30,213.07
2022-06-06,210.15
2022-06-13,224.54
2022-06-20,245.55
2022-06-27,257.99
2022-07-04,318.67
2022-07-11,344.59
2022-07-18,357.59
2022-07-25,413.59
2022-08-01,311.38
2022-08-08,357.29
2022-08-15,428.14
2022-08-22,511.2
2022-08-29,391.32
2022-09-05,379.69
2022-09-12,351.84
2022-09-19,353.7
2022-09-26,372.88
2022-10-03,414.87
2022-10-10,477.02
2022-10-17,404.53
2022-10-24,380.56
2022-10-31,339.78
2022-11-07,312.02
2022-11-14,298.5
2022-11-21,275.95
2022-11-28,303.31
2022-12-05,318.32
2022-12-12,298.32
2022-12-19,251.24
2022-12-26,219.56
2023-01-02,194.93
2023-01-09,183.87
2023-01-16,165.56
2023-01-23,162.52
2023-01-30,168.31
2023-02-06,160.42
2023-02-13,152.16
2023-02-20,151.49
2023-02-27,147.52
2023-03-06,139.36
2023-03-13,145.89
2023-03-20,136.13
2023-03-27,145.97
2023-04-03,148.35
2023-04-10,144.4
2023-04-17,143.04
2023-04-24,138.17
2023-05-01,132.12
2023-05-08,133.79
2023-05-15,122.92
2023-05-22,126.41
2023-05-29,112.24
2023-06-05,113.24
2023-06-12,132.51
2023-06-19,130.02
2023-06-26,124.09
2023-07-03,124.09
2023-07-10,113.91
2023-07-17,117.69
2023-07-24,115.35
2023-07-31,111.12
2023-08-07,116.23
2023-08-14,121.85
2023-08-21,127.76
2023-08-28,125.43
2023-09-04,116.52
2023-09-11,115.04
2023-09-18,110.51
2023-09-25,111.78
2023-10-02,102.39
2023-10-09,122.67
2023-10-16,125.5
2023-10-23,119.27
2023-10-30,107.41
2023-11-06,103.91
2023-11-13,105.06
2023-11-20,105.18
2023-11-27,103.09
2023-12-04,93.49
2023-12-11,84.32
2023-12-18,87.8
2023-12-25,84.62
2024-01-01,81.84
2024-01-08,77.35
2024-01-15,74.6
2024-01-22,72.3
2024-01-29,70.97
2024-02-05,69.82
2024-02-12,65.2
2024-02-19,61.54
2024-02-26,68.01
2024-03-04,70.45
2024-03-11,64.1
2024-03-18,73.9
2024-03-25,72.97
2024-04-01,70.1
2024-04-08,74.47
2024-04-15,80.06
2024-04-22,75.25
2024-04-29,74.93
2024-05-06,78.65
2024-05-13,78.3
2024-05-20,89.57
2024-05-27,89.17
2024-06-03,86.73
2024-06-10,86.3
2024-06-17,86.06
2024-06-24,86.1
2024-07-01,86.7
2024-07-08,81.57
2024-07-15,80.08
2024-07-22,80.06
2024-07-29,85.15
2024-08-05,85.48
2024-08-12,89.17
2024-08-19,89.96
2024-08-26,91.39
2024-09-02,84.51
2024-09-09,79.28
2024-09-16,77.64
2024-09-23,76.45
2024-09-30,80.17
2024-10-07,82.14
2024-10-14,79.88
2024-10-21,80.44
2024-10-28,81.05
2024-11-04,79.86
2024-11-11,85.83
2024-11-18,85.34
2024-11-25,85.84
2024-12-02,83.72
2024-12-09,81.36
2024-12-16,78.12
2024-12-23,85.28
2024-12-30,88.87
2025-01-06,86.88
2025-01-13,88.06
2025-01-20,90.68
2025-01-27,95.22
2025-02-03,100.18
2025-02-10,104.02
2025-02-17,94
2025-02-24,87.57
2025-03-03,84.05
2025-03-10,86.86
2025-03-17,88.08
2025-03-24,83.97
2025-03-31,83.99
2025-04-07,79.1
2025-04-14,79.99
2025-04-21,80.61
2025-04-28,77.86
2025-05-05,80.21
2025-05-12,81.79
2025-05-19,84.1
2025-05-26,79.3
2025-06-02,82.3
2025-06-09,82.28
2025-06-16,89.5
2025-06-23,83.55
2025-06-30,78.68
2025-07-07,78.31
2025-07-14,82.5
2025-07-21,79.73
2025-07-28,80.3
2025-08-04,78.97
2025-08-11,78.78
2025-08-18,77.96
2025-08-25,74.85
2025-09-01,79.78
2025-09-08,78.75
2025-09-15,81.45
2025-09-22,81.19
2025-09-29,77.16
2025-10-06,78.1
2025-10-13,75.99
2025-10-20,76.62
2025-10-27,76.19
2025-11-03,77.06
2025-11-10,75.76
2025-11-17,75.64
2025-11-24,72.54
2025-12-01,69.03
2025-12-08,69.27
2025-12-15,69.95
2025-12-22,71.51
2025-12-29,72.52
2026-01-05,71.6
2026-01-12,73.77
2026-01-19,77.18
2026-01-26,76.3
2026-02-02,75.55
2026-02-09,71.83
2026-02-16,71.85
2026-02-23,73.34
2026-03-02,92.51
2026-03-09,97.85
2026-03-16,108.81
2026-03-23,104.91
2026-03-30,102.7
2026-04-06,94.4
2026-04-13,89.85
2026-04-20,89.7
2026-04-27,95.49
2026-05-04,95.02
2026-05-11,98.01
2026-05-18,103.16
2026-05-25,100.42
2026-06-01,96.89
2026-06-08,103.95
2026-06-15,94.84
2026-06-22,93.39
2026-06-29,97.4
